Region_Name,Region_Type,Year,Month,Season,Population,Population_Density,Household_Size,Avg_Temperature_C,Rainfall_mm,Industrial_Index,Agricultural_Index,Water_Piped_Coverage_Pct,Electrification_Pct,Water_Demand_MLD,Energy_Demand_MWh,Water_LPCD,Energy_kWh_Capita,Demand_Stress_Level,Scarcity_Risk
Chitradurga Urban,Urban,2019,1,Winter,209419,3812,3.6,25.1,15.8,65.8,11.0,91.1,98.5,39.55,889.81,188.9,4.25,Low,0
Chitradurga Urban,Urban,2019,2,Winter,205746,3765,4.0,26.1,4.1,60.8,12.4,91.7,99.1,37.63,874.37,182.9,4.25,High,1
Chitradurga Urban,Urban,2019,3,Summer,211577,3836,3.7,33.0,1.2,65.9,6.1,90.5,98.8,42.99,1252.58,203.2,5.92,High,1
Chitradurga Urban,Urban,2019,4,Summer,210877,3749,3.3,36.4,19.6,65.6,10.2,92.3,98.9,44.28,1358.16,210.0,6.44,High,1
Chitradurga Urban,Urban,2019,5,Summer,214439,3805,3.6,34.5,5.9,66.7,10.7,93.3,99.8,44.6,1324.1,208.0,6.17,High,1
Chitradurga Urban,Urban,2019,6,Monsoon,205353,3830,3.5,29.9,9.5,69.1,7.8,93.5,99.4,41.07,1099.15,200.0,5.35,Critical,1
Chitradurga Urban,Urban,2019,7,Monsoon,216571,3797,3.8,27.4,107.3,60.7,11.1,93.4,99.0,40.9,952.82,188.9,4.4,Moderate,0
Chitradurga Urban,Urban,2019,8,Monsoon,206604,3834,3.7,29.1,11.6,66.0,6.4,92.8,99.1,41.82,1027.74,202.4,4.97,High,1
Chitradurga Urban,Urban,2019,9,Monsoon,203853,3813,3.1,26.6,247.1,63.8,7.1,92.7,98.8,39.35,854.97,193.0,4.19,Moderate,0
Chitradurga Urban,Urban,2019,10,Winter,201941,3802,3.9,27.1,42.8,72.4,7.4,92.5,99.0,39.5,988.86,195.6,4.9,High,1
Chitradurga Urban,Urban,2019,11,Winter,206180,3852,4.3,25.7,5.5,62.4,8.2,91.3,99.9,40.44,920.88,196.1,4.47,High,1
Chitradurga Urban,Urban,2019,12,Winter,205538,3765,4.0,23.2,3.1,69.6,5.7,91.5,99.8,38.24,920.58,186.0,4.48,Critical,1
Chitradurga Urban,Urban,2020,1,Winter,215412,3929,3.5,20.5,1.2,68.9,5.4,93.7,100.0,40.13,982.4,186.3,4.56,High,1
Chitradurga Urban,Urban,2020,2,Winter,209506,3845,4.1,21.3,14.1,67.4,11.5,91.6,100.0,39.24,949.84,187.3,4.53,Critical,1
Chitradurga Urban,Urban,2020,3,Summer,211384,3874,4.2,35.0,5.5,68.6,9.6,96.9,99.6,43.47,1351.9,205.6,6.4,High,1
Chitradurga Urban,Urban,2020,4,Summer,210023,3874,4.0,37.6,0.4,67.1,9.4,92.7,98.7,43.85,1449.81,208.8,6.9,Critical,1
Chitradurga Urban,Urban,2020,5,Summer,209272,3952,4.1,36.0,49.5,65.7,5.6,94.4,99.6,44.8,1410.27,214.1,6.74,High,1
Chitradurga Urban,Urban,2020,6,Monsoon,216830,3903,4.1,30.5,50.4,76.6,9.7,94.5,100.0,46.11,1192.56,212.7,5.5,Critical,1
Chitradurga Urban,Urban,2020,7,Monsoon,213603,3862,3.9,25.8,125.2,59.6,9.1,92.2,99.6,39.21,906.59,183.6,4.24,High,1
Chitradurga Urban,Urban,2020,8,Monsoon,211484,3885,4.0,27.8,35.3,63.0,14.4,93.8,97.5,41.1,981.0,194.3,4.64,High,1
Chitradurga Urban,Urban,2020,9,Monsoon,214127,3948,3.7,25.8,3.7,64.0,7.0,93.3,97.9,41.66,974.26,194.6,4.55,High,1
Chitradurga Urban,Urban,2020,10,Winter,208098,3932,3.8,27.6,11.4,62.9,9.3,94.0,98.6,40.15,877.39,192.9,4.22,Moderate,0
Chitradurga Urban,Urban,2020,11,Winter,209264,3934,4.4,23.4,6.1,64.6,6.6,92.9,100.0,39.5,942.88,188.8,4.51,High,1
Chitradurga Urban,Urban,2020,12,Winter,215107,3945,4.1,24.1,10.6,61.3,14.4,89.9,99.3,40.42,938.18,187.9,4.36,Moderate,0
Chitradurga Urban,Urban,2021,1,Winter,217178,3954,3.7,23.5,22.4,67.9,12.4,94.1,100.0,40.73,988.02,187.5,4.55,High,1
Chitradurga Urban,Urban,2021,2,Winter,219249,4019,3.9,22.4,19.7,63.2,9.6,93.3,99.8,41.33,980.52,188.5,4.47,High,1
Chitradurga Urban,Urban,2021,3,Summer,219433,4002,3.8,38.4,6.9,64.2,6.2,96.5,100.0,45.3,1539.9,206.4,7.02,Critical,1
Chitradurga Urban,Urban,2021,4,Summer,222079,3968,4.1,32.9,25.1,62.3,8.2,92.6,100.0,44.76,1270.65,201.5,5.72,High,1
Chitradurga Urban,Urban,2021,5,Summer,216868,3977,3.8,36.4,17.3,66.7,10.6,95.3,99.5,45.45,1495.1,209.6,6.89,High,1
Chitradurga Urban,Urban,2021,6,Monsoon,219258,3968,3.6,31.0,343.4,64.1,9.0,92.4,100.0,45.25,1191.8,206.4,5.44,Moderate,0
Chitradurga Urban,Urban,2021,7,Monsoon,217581,4008,3.9,29.0,36.7,66.4,8.2,97.0,100.0,42.86,1161.74,197.0,5.34,Critical,1
Chitradurga Urban,Urban,2021,8,Monsoon,228947,3935,3.7,31.5,335.6,63.2,1.6,92.8,99.2,46.02,1284.0,201.0,5.61,High,1
Chitradurga Urban,Urban,2021,9,Monsoon,216810,4027,4.1,29.6,167.4,67.1,7.6,93.5,99.7,43.68,1090.97,201.5,5.03,High,1
Chitradurga Urban,Urban,2021,10,Winter,218839,3905,4.3,23.8,22.2,63.2,8.0,93.7,99.5,41.38,916.47,189.1,4.19,High,1
Chitradurga Urban,Urban,2021,11,Winter,221598,4030,4.2,24.3,3.1,62.5,7.1,94.0,100.0,41.5,1012.8,187.3,4.57,High,1
Chitradurga Urban,Urban,2021,12,Winter,218249,3994,4.2,26.5,9.9,69.1,5.1,94.6,100.0,41.35,955.33,189.5,4.38,Moderate,0
Chitradurga Urban,Urban,2022,1,Winter,227384,4110,3.8,23.4,8.7,67.9,9.0,94.4,100.0,42.92,948.07,188.8,4.17,High,1
Chitradurga Urban,Urban,2022,2,Winter,218318,4071,4.1,24.9,4.8,62.2,6.5,92.8,100.0,41.8,913.63,191.5,4.18,High,1
Chitradurga Urban,Urban,2022,3,Summer,220612,4048,3.5,34.3,3.5,65.2,1.2,94.2,100.0,46.16,1410.07,209.2,6.39,Critical,1
Chitradurga Urban,Urban,2022,4,Summer,221788,4045,3.7,34.1,24.8,58.1,3.5,96.5,100.0,44.32,1363.47,199.8,6.15,Critical,1
Chitradurga Urban,Urban,2022,5,Summer,229186,3956,4.4,42.3,2.0,62.6,5.3,94.1,100.0,49.28,1792.36,215.0,7.82,Critical,1
Chitradurga Urban,Urban,2022,6,Monsoon,231731,4056,4.2,26.7,320.8,69.4,8.2,93.1,100.0,46.18,1030.33,199.3,4.45,Moderate,0
Chitradurga Urban,Urban,2022,7,Monsoon,217967,4094,3.3,25.6,150.5,65.1,8.4,93.9,100.0,41.31,933.41,189.5,4.28,Moderate,0
Chitradurga Urban,Urban,2022,8,Monsoon,224384,4067,3.7,26.6,48.7,64.8,7.3,93.0,99.9,43.98,1027.18,196.0,4.58,Moderate,0
Chitradurga Urban,Urban,2022,9,Monsoon,227535,4025,4.2,27.7,122.9,63.3,5.0,94.8,97.8,43.66,1065.24,191.9,4.68,Moderate,0
Chitradurga Urban,Urban,2022,10,Winter,223870,4029,3.5,25.8,10.4,65.1,5.4,93.8,100.0,42.41,1007.97,189.4,4.5,Moderate,0
Chitradurga Urban,Urban,2022,11,Winter,230630,4014,3.4,25.2,7.7,65.5,8.3,95.1,100.0,43.94,1014.7,190.5,4.4,High,1
Chitradurga Urban,Urban,2022,12,Winter,225935,4068,3.8,25.3,2.1,71.2,10.6,93.9,100.0,43.93,940.49,194.4,4.16,High,1
Chitradurga Urban,Urban,2023,1,Winter,227488,4146,3.4,19.9,16.5,64.3,10.5,96.5,100.0,40.24,1002.6,176.9,4.41,High,1
Chitradurga Urban,Urban,2023,2,Winter,230649,4171,3.8,25.3,4.9,71.8,8.5,95.6,100.0,44.54,1061.38,193.1,4.6,High,1
Chitradurga Urban,Urban,2023,3,Summer,226910,4179,3.8,35.7,25.9,68.9,6.7,94.6,100.0,49.14,1521.11,216.6,6.7,Critical,1
Chitradurga Urban,Urban,2023,4,Summer,225553,4071,3.5,37.7,14.1,69.5,10.0,95.1,100.0,47.92,1666.24,212.5,7.39,Critical,1
Chitradurga Urban,Urban,2023,5,Summer,232424,4163,4.0,35.7,21.5,65.8,4.6,93.2,100.0,49.03,1521.03,211.0,6.54,Critical,1
Chitradurga Urban,Urban,2023,6,Monsoon,229354,4075,4.2,29.2,17.4,69.6,7.5,94.6,100.0,44.75,1209.92,195.1,5.28,High,1
Chitradurga Urban,Urban,2023,7,Monsoon,223164,4134,3.4,24.7,193.9,61.6,7.6,95.2,99.7,42.4,959.78,190.0,4.3,High,1
Chitradurga Urban,Urban,2023,8,Monsoon,227866,4252,3.6,23.4,145.1,65.2,8.0,95.2,100.0,42.61,977.91,187.0,4.29,Moderate,0
Chitradurga Urban,Urban,2023,9,Monsoon,226608,4035,4.3,27.4,120.6,58.8,4.3,93.4,100.0,43.16,1032.74,190.5,4.56,High,1
Chitradurga Urban,Urban,2023,10,Winter,224010,4184,4.4,25.2,3.8,68.8,10.2,93.5,100.0,43.85,951.8,195.8,4.25,High,1
Chitradurga Urban,Urban,2023,11,Winter,227381,4156,4.0,23.5,15.4,69.9,5.0,94.2,100.0,42.07,1071.83,185.0,4.71,Moderate,0
Chitradurga Urban,Urban,2023,12,Winter,221966,4092,4.1,22.2,5.7,70.3,1.8,97.7,100.0,42.02,970.49,189.3,4.37,High,1
Chitradurga Urban,Urban,2024,1,Winter,239305,4293,3.8,23.9,27.0,71.5,10.0,95.1,100.0,45.14,1073.79,188.6,4.49,Moderate,0
Chitradurga Urban,Urban,2024,2,Winter,238958,4247,4.0,25.2,9.7,67.9,13.0,97.5,99.7,44.93,1033.61,188.0,4.33,High,1
Chitradurga Urban,Urban,2024,3,Summer,230740,4261,3.5,36.6,1.6,60.4,5.6,98.0,100.0,48.37,1473.03,209.6,6.38,Critical,1
Chitradurga Urban,Urban,2024,4,Summer,230119,4212,4.1,34.8,49.7,65.4,15.7,95.9,100.0,47.28,1453.85,205.5,6.32,Critical,1
Chitradurga Urban,Urban,2024,5,Summer,242626,4259,4.0,34.1,5.1,61.7,10.8,93.4,100.0,48.19,1474.84,198.6,6.08,Critical,1
Chitradurga Urban,Urban,2024,6,Monsoon,236760,4272,4.2,27.8,191.1,66.4,7.8,93.5,100.0,46.7,1142.2,197.2,4.82,Moderate,0
Chitradurga Urban,Urban,2024,7,Monsoon,239070,4233,4.2,25.1,374.4,63.6,10.7,93.9,100.0,44.25,1086.75,185.1,4.55,Moderate,0
Chitradurga Urban,Urban,2024,8,Monsoon,240914,4280,4.0,27.8,54.9,60.5,8.8,97.3,100.0,47.16,1114.44,195.8,4.63,Critical,1
Chitradurga Urban,Urban,2024,9,Monsoon,232439,4162,3.4,32.6,300.0,62.4,10.4,95.5,100.0,45.93,1306.48,197.6,5.62,Low,0
Chitradurga Urban,Urban,2024,10,Winter,238748,4234,3.8,21.3,13.7,67.0,4.6,96.6,100.0,44.73,1062.13,187.4,4.45,Critical,1
Chitradurga Urban,Urban,2024,11,Winter,231652,4210,4.1,22.6,3.0,63.5,7.5,95.4,100.0,43.51,1044.74,187.8,4.51,High,1
Chitradurga Urban,Urban,2024,12,Winter,235089,4302,3.4,23.2,3.1,70.4,6.2,95.4,100.0,45.34,1070.74,192.9,4.55,Critical,1
Chitradurga Urban,Urban,2025,1,Winter,235469,4288,4.2,23.6,5.6,62.5,8.0,97.8,100.0,40.43,990.53,171.7,4.21,Critical,1
Chitradurga Urban,Urban,2025,2,Winter,242553,4355,4.5,24.8,5.1,63.9,9.8,98.5,100.0,46.31,1096.06,190.9,4.52,Critical,1
Chitradurga Urban,Urban,2025,3,Summer,242394,4293,3.8,38.5,3.1,62.9,9.5,97.4,100.0,51.38,1721.83,212.0,7.1,Critical,1
Chitradurga Urban,Urban,2025,4,Summer,232782,4357,4.1,32.2,71.5,71.5,7.1,97.1,100.0,50.07,1356.46,215.1,5.83,Critical,1
Chitradurga Urban,Urban,2025,5,Summer,240183,4347,4.0,36.8,1.9,64.4,6.8,96.3,100.0,48.96,1656.2,203.8,6.9,Critical,1
Chitradurga Urban,Urban,2025,6,Monsoon,236615,4397,4.0,27.8,297.6,64.8,6.3,99.5,100.0,44.08,1142.83,186.3,4.83,Moderate,0
Chitradurga Urban,Urban,2025,7,Monsoon,242680,4386,4.2,25.3,12.5,64.3,4.6,96.6,100.0,44.95,1119.73,185.2,4.61,Critical,1
Chitradurga Urban,Urban,2025,8,Monsoon,233300,4326,4.3,27.0,37.9,68.4,9.0,97.5,100.0,46.33,1108.57,198.6,4.75,Critical,1
Chitradurga Urban,Urban,2025,9,Monsoon,242683,4327,3.6,27.9,230.9,66.1,5.7,94.8,100.0,46.96,1168.48,193.5,4.81,Moderate,0
Chitradurga Urban,Urban,2025,10,Winter,237154,4310,3.3,25.2,19.2,57.7,3.2,97.9,100.0,44.16,977.28,186.2,4.12,High,1
Chitradurga Urban,Urban,2025,11,Winter,233746,4407,4.1,24.0,11.6,62.4,8.1,96.4,100.0,43.36,987.76,185.5,4.23,High,1
Chitradurga Urban,Urban,2025,12,Winter,236556,4390,4.1,21.7,14.0,67.8,8.2,95.8,100.0,44.51,1076.54,188.2,4.55,High,1
Davanagere City,Urban,2019,1,Winter,474861,5249,3.9,26.3,1.0,77.4,16.0,95.6,100.0,95.77,2212.74,201.7,4.66,High,1
Davanagere City,Urban,2019,2,Winter,479766,5289,4.5,22.8,18.7,79.3,12.1,95.2,100.0,93.28,2183.43,194.4,4.55,Moderate,0
Davanagere City,Urban,2019,3,Summer,486213,5153,3.3,36.4,24.4,73.3,18.0,94.8,100.0,102.72,3256.18,211.3,6.7,Critical,1
Davanagere City,Urban,2019,4,Summer,494174,5167,4.3,35.9,4.3,79.2,13.5,95.4,99.4,108.34,3340.99,219.2,6.76,Critical,1
Davanagere City,Urban,2019,5,Summer,476442,5212,3.2,36.7,10.6,74.5,13.0,95.6,99.9,106.07,3184.65,222.6,6.68,Critical,1
Davanagere City,Urban,2019,6,Monsoon,479549,5203,4.0,25.9,20.3,74.2,15.0,94.3,98.4,94.96,2271.81,198.0,4.74,Critical,1
Davanagere City,Urban,2019,7,Monsoon,476647,5263,4.2,26.7,5.4,81.6,11.7,95.5,100.0,98.33,2308.34,206.3,4.84,Critical,1
Davanagere City,Urban,2019,8,Monsoon,486985,5238,3.9,26.3,8.5,77.8,12.2,92.0,100.0,99.73,2327.5,204.8,4.78,Moderate,0
Davanagere City,Urban,2019,9,Monsoon,478659,5233,3.6,32.1,21.8,78.8,10.0,96.6,99.8,103.85,2769.35,217.0,5.79,Critical,1
Davanagere City,Urban,2019,10,Winter,481930,5257,4.2,28.4,11.5,81.6,13.9,93.3,100.0,99.22,2505.29,205.9,5.2,High,1
Davanagere City,Urban,2019,11,Winter,483156,5274,4.0,23.9,24.6,79.7,13.1,92.5,99.1,98.99,2261.6,204.9,4.68,Critical,1
Davanagere City,Urban,2019,12,Winter,478559,5191,3.9,25.4,6.9,78.0,8.7,92.8,100.0,95.07,2116.18,198.7,4.42,Moderate,0
Davanagere City,Urban,2020,1,Winter,477578,5277,4.0,22.6,3.1,81.3,16.6,92.4,99.8,95.51,2286.62,200.0,4.79,High,1
Davanagere City,Urban,2020,2,Winter,476926,5368,3.4,24.0,5.0,85.3,16.2,96.6,100.0,99.7,2286.21,209.0,4.79,Critical,1
Davanagere City,Urban,2020,3,Summer,489945,5343,3.8,35.7,1.1,77.9,9.1,94.5,99.5,109.95,3241.62,224.4,6.62,High,1
Davanagere City,Urban,2020,4,Summer,480850,5262,4.2,36.4,17.0,77.3,13.7,94.3,100.0,103.8,3246.58,215.9,6.75,Critical,1
Davanagere City,Urban,2020,5,Summer,494881,5310,4.3,32.0,59.3,76.3,12.2,96.5,100.0,107.51,2929.96,217.2,5.92,Critical,1
Davanagere City,Urban,2020,6,Monsoon,476798,5248,4.4,28.4,34.6,75.9,9.8,97.1,100.0,100.42,2365.86,210.6,4.96,Critical,1
Davanagere City,Urban,2020,7,Monsoon,511606,5275,4.1,25.7,128.1,76.9,13.4,97.6,100.0,99.99,2350.43,195.4,4.59,Critical,1
Davanagere City,Urban,2020,8,Monsoon,482674,5403,4.4,23.8,99.6,76.3,13.7,98.2,100.0,95.04,2151.68,196.9,4.46,High,1
Davanagere City,Urban,2020,9,Monsoon,478551,5316,3.7,26.1,10.4,76.1,14.1,97.3,100.0,97.38,2333.15,203.5,4.88,High,1
Davanagere City,Urban,2020,10,Winter,506969,5276,4.0,21.3,13.3,77.8,13.7,95.9,100.0,96.72,2328.46,190.8,4.59,High,1
Davanagere City,Urban,2020,11,Winter,481691,5249,4.3,23.8,16.9,76.4,7.8,95.9,100.0,95.37,2278.41,198.0,4.73,High,1
Davanagere City,Urban,2020,12,Winter,491870,5352,3.9,24.5,16.9,80.9,9.6,93.8,98.7,100.77,2187.61,204.9,4.45,Moderate,0
Davanagere City,Urban,2021,1,Winter,526349,5431,4.0,24.9,30.2,76.8,13.4,95.9,100.0,106.5,2443.64,202.3,4.64,High,1
Davanagere City,Urban,2021,2,Winter,506731,5432,3.6,23.5,6.2,78.0,15.3,97.3,100.0,102.26,2421.22,201.8,4.78,Critical,1
Davanagere City,Urban,2021,3,Summer,488198,5377,3.8,35.5,9.2,79.5,12.2,93.9,100.0,102.51,3286.48,210.0,6.73,Critical,1
Davanagere City,Urban,2021,4,Summer,516701,5419,4.3,33.8,4.4,82.5,12.4,96.1,100.0,113.49,3247.42,219.6,6.28,Critical,1
Davanagere City,Urban,2021,5,Summer,501382,5480,3.4,35.9,30.3,79.5,18.9,95.0,100.0,111.1,3463.85,221.6,6.91,Critical,1
Davanagere City,Urban,2021,6,Monsoon,506781,5400,4.1,24.9,77.5,70.2,10.4,97.2,99.5,98.97,2255.74,195.3,4.45,High,1
Davanagere City,Urban,2021,7,Monsoon,491595,5429,3.5,27.8,87.8,81.5,9.4,93.1,100.0,101.15,2295.25,205.8,4.67,Critical,1
Davanagere City,Urban,2021,8,Monsoon,494643,5398,4.2,28.0,380.0,83.5,14.0,95.9,100.0,103.31,2569.04,208.9,5.19,High,1
Davanagere City,Urban,2021,9,Monsoon,517009,5434,3.5,30.4,10.0,78.3,17.2,96.3,100.0,109.67,2825.87,212.1,5.47,High,1
Davanagere City,Urban,2021,10,Winter,513388,5374,3.7,26.9,4.2,79.6,15.6,97.7,100.0,104.21,2345.93,203.0,4.57,Critical,1
Davanagere City,Urban,2021,11,Winter,498837,5497,4.1,23.3,11.5,76.2,12.1,98.8,100.0,99.63,2310.99,199.7,4.63,High,1
Davanagere City,Urban,2021,12,Winter,490875,5542,3.3,24.8,5.0,74.7,11.3,96.2,100.0,98.85,2282.29,201.4,4.65,High,1
Davanagere City,Urban,2022,1,Winter,515277,5543,4.3,23.6,16.9,80.7,14.2,95.8,100.0,104.3,2377.76,202.4,4.61,High,1
Davanagere City,Urban,2022,2,Winter,506964,5619,4.1,23.8,15.5,78.1,12.9,99.5,100.0,106.27,2360.31,209.6,4.66,High,1
Davanagere City,Urban,2022,3,Summer,516288,5577,3.7,37.2,18.2,77.2,11.9,98.6,100.0,117.56,3588.16,227.7,6.95,Critical,1
Davanagere City,Urban,2022,4,Summer,500127,5617,4.0,32.4,23.8,76.2,11.6,97.4,100.0,107.87,2969.04,215.7,5.94,Critical,1
Davanagere City,Urban,2022,5,Summer,507899,5434,3.7,33.5,6.6,79.8,13.0,94.9,100.0,114.23,3120.7,224.9,6.14,Critical,1
Davanagere City,Urban,2022,6,Monsoon,506726,5519,4.7,26.2,14.2,78.6,16.6,99.5,100.0,105.82,2424.47,208.8,4.78,Critical,1
Davanagere City,Urban,2022,7,Monsoon,506733,5514,4.2,29.2,100.0,80.8,14.0,93.2,100.0,106.2,2628.16,209.6,5.19,High,1
Davanagere City,Urban,2022,8,Monsoon,527891,5493,4.1,27.2,36.1,83.6,15.7,98.3,100.0,108.83,2566.68,206.2,4.86,Critical,1
Davanagere City,Urban,2022,9,Monsoon,528196,5485,3.5,31.6,29.6,76.4,14.3,94.6,100.0,114.12,3041.96,216.1,5.76,Critical,1
Davanagere City,Urban,2022,10,Winter,500393,5549,3.0,24.9,19.5,83.3,17.0,96.7,100.0,103.82,2251.77,207.5,4.5,Critical,1
Davanagere City,Urban,2022,11,Winter,524955,5501,3.6,25.7,37.7,79.1,11.3,96.1,100.0,106.16,2530.91,202.2,4.82,High,1
Davanagere City,Urban,2022,12,Winter,487539,5591,4.2,24.0,0.8,77.2,12.2,98.2,99.9,95.86,2279.97,196.6,4.68,High,1
Davanagere City,Urban,2023,1,Winter,509446,5692,3.9,24.6,7.5,75.6,11.1,97.6,100.0,102.47,2275.28,201.1,4.47,Critical,1
Davanagere City,Urban,2023,2,Winter,528145,5682,4.1,29.9,1.5,76.9,9.5,98.3,100.0,104.27,2887.87,197.4,5.47,Critical,1
Davanagere City,Urban,2023,3,Summer,513079,5677,3.7,30.3,18.9,82.2,12.2,97.2,100.0,108.72,2908.95,211.9,5.67,Critical,1
Davanagere City,Urban,2023,4,Summer,524939,5691,4.4,34.4,7.2,77.2,11.1,95.9,100.0,114.03,3346.23,217.2,6.37,Critical,1
Davanagere City,Urban,2023,5,Summer,515780,5640,4.3,36.2,31.1,72.5,12.6,98.7,100.0,114.23,3508.71,221.5,6.8,Critical,1
Davanagere City,Urban,2023,6,Monsoon,528731,5636,3.6,27.1,110.4,81.1,11.0,97.6,100.0,110.7,2729.78,209.4,5.16,High,1
Davanagere City,Urban,2023,7,Monsoon,538444,5670,4.0,27.6,380.0,81.4,16.3,96.4,100.0,112.51,2650.96,209.0,4.92,Critical,1
Davanagere City,Urban,2023,8,Monsoon,525690,5692,3.8,28.0,320.4,77.1,12.5,99.5,100.0,110.65,2729.73,210.5,5.19,High,1
Davanagere City,Urban,2023,9,Monsoon,517288,5729,3.8,22.8,98.8,79.6,9.5,97.4,100.0,101.46,2219.22,196.1,4.29,Critical,1
Davanagere City,Urban,2023,10,Winter,534109,5695,3.8,26.8,11.6,77.9,9.3,98.7,100.0,111.72,2493.03,209.2,4.67,Critical,1
Davanagere City,Urban,2023,11,Winter,520942,5717,3.7,24.6,3.1,82.1,15.0,95.3,100.0,108.48,2310.07,208.2,4.43,Critical,1
Davanagere City,Urban,2023,12,Winter,527946,5711,3.8,25.5,13.1,83.7,11.6,96.7,100.0,109.02,2285.79,206.5,4.33,Critical,1
Davanagere City,Urban,2024,1,Winter,534205,5822,3.8,22.8,16.2,76.7,14.3,99.3,100.0,106.75,2388.65,199.8,4.47,Critical,1
Davanagere City,Urban,2024,2,Winter,539106,5784,4.5,23.1,1.4,77.0,11.9,98.5,100.0,102.76,2370.03,190.6,4.4,High,1
Davanagere City,Urban,2024,3,Summer,553484,5760,4.1,37.6,40.1,78.2,10.6,97.9,100.0,124.85,4039.45,225.6,7.3,Critical,1
Davanagere City,Urban,2024,4,Summer,537204,5641,4.2,36.9,31.8,80.0,10.0,96.3,100.0,123.54,3750.0,230.0,6.98,Critical,1
Davanagere City,Urban,2024,5,Summer,549249,5843,3.6,39.0,16.1,75.1,12.1,98.6,100.0,124.03,4074.55,225.8,7.42,Critical,1
Davanagere City,Urban,2024,6,Monsoon,528510,5754,4.0,28.8,102.3,74.0,10.2,98.9,100.0,106.8,2603.15,202.1,4.93,High,1
Davanagere City,Urban,2024,7,Monsoon,543310,5798,3.8,24.2,33.6,81.3,10.3,99.5,100.0,110.9,2494.73,204.1,4.59,High,1
Davanagere City,Urban,2024,8,Monsoon,531759,5860,3.7,27.1,139.2,78.1,17.7,98.9,100.0,105.84,2412.29,199.0,4.54,High,1
Davanagere City,Urban,2024,9,Monsoon,540620,5766,4.2,28.1,135.8,78.4,10.2,97.9,100.0,110.23,2543.31,203.9,4.7,High,1
Davanagere City,Urban,2024,10,Winter,533769,5784,3.9,23.3,6.5,76.0,12.5,99.5,100.0,107.97,2415.82,202.3,4.53,Critical,1
Davanagere City,Urban,2024,11,Winter,537671,5834,4.0,25.6,11.4,78.2,9.8,96.5,100.0,114.61,2419.4,213.2,4.5,High,1
Davanagere City,Urban,2024,12,Winter,545551,5760,4.0,25.6,15.7,83.3,8.4,99.5,100.0,111.43,2650.7,204.3,4.86,Critical,1
Davanagere City,Urban,2025,1,Winter,549796,5884,3.4,24.6,29.8,72.5,15.5,99.5,100.0,105.57,2589.37,192.0,4.71,High,1
Davanagere City,Urban,2025,2,Winter,543579,6002,4.1,21.3,1.8,82.2,10.3,99.5,100.0,106.01,2596.97,195.0,4.78,Critical,1
Davanagere City,Urban,2025,3,Summer,540467,5897,4.5,32.8,79.7,77.9,8.6,99.5,100.0,116.08,3308.68,214.8,6.12,High,1
Davanagere City,Urban,2025,4,Summer,544117,5958,4.4,34.7,0.4,77.1,14.1,99.3,100.0,119.43,3512.54,219.5,6.46,Critical,1
Davanagere City,Urban,2025,5,Summer,534623,5855,4.0,32.0,14.0,82.7,12.8,99.5,100.0,114.27,3121.91,213.7,5.84,Critical,1
Davanagere City,Urban,2025,6,Monsoon,525297,5861,4.1,25.6,380.0,78.7,18.2,98.4,100.0,106.03,2493.01,201.8,4.75,Critical,1
Davanagere City,Urban,2025,7,Monsoon,552382,5891,3.9,24.8,72.9,73.4,12.7,99.5,100.0,108.04,2509.7,195.6,4.54,High,1
Davanagere City,Urban,2025,8,Monsoon,551073,5991,3.9,29.4,304.0,77.8,6.7,99.5,100.0,113.8,2882.64,206.5,5.23,Critical,1
Davanagere City,Urban,2025,9,Monsoon,581272,5905,4.3,22.8,124.9,79.2,16.5,99.5,100.0,115.01,2754.76,197.9,4.74,Critical,1
Davanagere City,Urban,2025,10,Winter,546744,5991,3.8,24.4,31.3,80.8,9.7,99.5,100.0,107.8,2470.53,197.2,4.52,Critical,1
Davanagere City,Urban,2025,11,Winter,552561,5967,4.1,26.1,4.2,79.3,10.2,99.5,100.0,114.21,2584.73,206.7,4.68,High,1
Davanagere City,Urban,2025,12,Winter,545164,5885,3.7,24.5,8.0,77.6,9.6,99.3,100.0,109.48,2487.95,200.8,4.56,High,1
Bengaluru Peri-Urban,Urban,2019,1,Winter,967813,7744,3.9,25.5,0.6,85.0,2.7,97.3,99.4,200.77,4626.34,207.4,4.78,Critical,1
Bengaluru Peri-Urban,Urban,2019,2,Winter,962072,7804,3.5,25.4,7.8,88.8,9.1,94.0,97.0,203.91,4812.82,211.9,5.0,Critical,1
Bengaluru Peri-Urban,Urban,2019,3,Summer,940658,7843,4.2,36.0,5.0,88.7,9.1,94.3,100.0,213.7,6636.91,227.2,7.06,Critical,1
Bengaluru Peri-Urban,Urban,2019,4,Summer,940042,7735,3.9,35.4,2.6,91.4,5.0,96.0,99.7,218.15,6552.67,232.1,6.97,Critical,1
Bengaluru Peri-Urban,Urban,2019,5,Summer,944229,7761,4.1,34.1,8.0,91.1,3.0,95.8,100.0,215.1,6280.17,227.8,6.65,Critical,1
Bengaluru Peri-Urban,Urban,2019,6,Monsoon,977032,7875,4.2,31.9,71.1,91.7,5.3,96.3,99.4,218.89,6015.71,224.0,6.16,Critical,1
Bengaluru Peri-Urban,Urban,2019,7,Monsoon,941446,7801,3.1,27.2,380.0,83.7,4.4,93.9,98.6,202.42,4584.49,215.0,4.87,High,1
Bengaluru Peri-Urban,Urban,2019,8,Monsoon,969743,7852,3.9,28.6,155.3,84.8,0.3,97.2,100.0,203.52,4950.4,209.9,5.1,Critical,1
Bengaluru Peri-Urban,Urban,2019,9,Monsoon,981210,7788,4.0,24.9,181.1,85.4,0.8,93.4,100.0,197.47,4425.65,201.3,4.51,Critical,1
Bengaluru Peri-Urban,Urban,2019,10,Winter,995839,7798,4.1,18.2,6.2,87.2,5.1,96.8,98.8,200.5,4795.44,201.3,4.82,Critical,1
Bengaluru Peri-Urban,Urban,2019,11,Winter,950372,7814,3.8,25.0,1.6,90.9,2.8,92.8,100.0,205.46,4335.05,216.2,4.56,Critical,1
Bengaluru Peri-Urban,Urban,2019,12,Winter,919582,7791,3.7,25.5,7.3,83.1,4.5,98.5,100.0,190.73,4098.61,207.4,4.46,Critical,1
Bengaluru Peri-Urban,Urban,2020,1,Winter,964730,8084,4.0,23.2,11.7,89.0,3.9,94.9,100.0,195.52,4690.46,202.7,4.86,Critical,1
Bengaluru Peri-Urban,Urban,2020,2,Winter,990072,7946,3.9,23.5,4.1,88.5,2.5,99.5,98.9,206.12,4980.43,208.2,5.03,Critical,1
Bengaluru Peri-Urban,Urban,2020,3,Summer,963959,7820,4.6,35.1,29.6,86.3,4.8,96.5,99.3,220.07,6505.1,228.3,6.75,Critical,1
Bengaluru Peri-Urban,Urban,2020,4,Summer,1010208,7986,3.5,36.2,5.4,86.0,6.3,96.8,99.9,232.63,7285.09,230.3,7.21,Critical,1
Bengaluru Peri-Urban,Urban,2020,5,Summer,945787,7875,4.0,37.1,19.8,88.0,9.7,97.7,100.0,221.36,6589.93,234.0,6.97,Critical,1
Bengaluru Peri-Urban,Urban,2020,6,Monsoon,961772,7936,4.0,25.1,273.2,87.8,11.3,96.4,100.0,199.33,4644.06,207.3,4.83,High,1
Bengaluru Peri-Urban,Urban,2020,7,Monsoon,996557,7983,4.0,26.1,72.3,88.3,6.8,98.6,99.9,212.88,4487.78,213.6,4.5,Critical,1
Bengaluru Peri-Urban,Urban,2020,8,Monsoon,971177,7939,3.6,24.8,39.9,90.1,5.3,97.7,100.0,198.96,4849.54,204.9,4.99,Critical,1
Bengaluru Peri-Urban,Urban,2020,9,Monsoon,945067,7939,4.3,25.5,325.6,86.9,0.0,97.4,99.2,196.21,4299.89,207.6,4.55,High,1
Bengaluru Peri-Urban,Urban,2020,10,Winter,920331,8006,4.0,25.0,0.9,89.2,8.7,95.2,100.0,198.39,4115.17,215.6,4.47,Critical,1
Bengaluru Peri-Urban,Urban,2020,11,Winter,969316,7767,4.1,22.9,1.6,85.8,1.9,95.3,99.8,202.59,4662.57,209.0,4.81,Critical,1
Bengaluru Peri-Urban,Urban,2020,12,Winter,994087,7934,3.6,26.5,4.3,89.4,7.4,96.4,99.9,218.06,5080.08,219.4,5.11,Critical,1
Bengaluru Peri-Urban,Urban,2021,1,Winter,976219,8100,4.0,24.2,14.8,89.7,5.3,95.2,100.0,208.59,4750.37,213.7,4.87,Critical,1
Bengaluru Peri-Urban,Urban,2021,2,Winter,1004300,8190,3.8,21.9,8.5,90.7,4.0,99.5,100.0,209.36,4880.73,208.5,4.86,Critical,1
Bengaluru Peri-Urban,Urban,2021,3,Summer,980010,8047,3.5,37.3,3.9,91.2,7.8,98.6,100.0,220.65,7107.46,225.2,7.25,Critical,1
Bengaluru Peri-Urban,Urban,2021,4,Summer,986425,8023,3.9,34.3,23.9,86.9,7.7,98.5,100.0,222.8,6447.45,225.9,6.54,Critical,1
Bengaluru Peri-Urban,Urban,2021,5,Summer,1000614,8259,4.0,37.0,3.6,85.0,4.2,95.9,100.0,230.57,7229.31,230.4,7.22,Critical,1
Bengaluru Peri-Urban,Urban,2021,6,Monsoon,1016311,8116,4.0,29.2,142.2,88.4,0.0,98.2,100.0,215.78,5286.64,212.3,5.2,Critical,1
Bengaluru Peri-Urban,Urban,2021,7,Monsoon,1022696,8222,3.7,26.1,10.3,93.4,3.0,97.0,100.0,223.56,4913.05,218.6,4.8,Critical,1
Bengaluru Peri-Urban,Urban,2021,8,Monsoon,985120,8113,3.5,30.0,145.1,88.8,2.1,96.2,100.0,216.05,5537.95,219.3,5.62,Critical,1
Bengaluru Peri-Urban,Urban,2021,9,Monsoon,973918,8285,3.7,27.0,194.2,84.7,0.0,96.4,100.0,198.26,4742.4,203.6,4.87,Critical,1
Bengaluru Peri-Urban,Urban,2021,10,Winter,977936,8102,4.0,21.2,41.5,87.2,10.0,99.5,99.7,201.0,4722.93,205.5,4.83,High,1
Bengaluru Peri-Urban,Urban,2021,11,Winter,1022780,8021,4.1,25.8,4.5,87.4,5.8,99.5,100.0,211.96,5077.73,207.2,4.96,Critical,1
Bengaluru Peri-Urban,Urban,2021,12,Winter,1003612,8238,3.9,23.4,3.5,87.0,6.7,96.1,100.0,206.18,4755.88,205.4,4.74,Critical,1
Bengaluru Peri-Urban,Urban,2022,1,Winter,1030843,8285,4.4,23.7,3.6,88.0,4.7,99.5,100.0,217.25,4715.82,210.7,4.57,Critical,1
Bengaluru Peri-Urban,Urban,2022,2,Winter,998193,8249,3.7,25.2,0.2,85.5,4.8,97.3,100.0,213.69,4587.26,214.1,4.6,Critical,1
Bengaluru Peri-Urban,Urban,2022,3,Summer,1023662,8343,3.5,36.6,48.6,92.3,7.0,98.6,100.0,239.08,7188.85,233.6,7.02,Critical,1
Bengaluru Peri-Urban,Urban,2022,4,Summer,998148,8351,3.5,37.2,13.9,90.2,4.3,99.5,100.0,235.91,7109.37,236.3,7.12,Critical,1
Bengaluru Peri-Urban,Urban,2022,5,Summer,998540,8178,3.8,39.9,49.6,85.9,5.0,99.5,100.0,235.49,7675.67,235.8,7.69,Critical,1
Bengaluru Peri-Urban,Urban,2022,6,Monsoon,1008431,8392,3.8,25.3,43.7,89.0,6.7,99.5,100.0,210.45,4611.08,208.7,4.57,Critical,1
Bengaluru Peri-Urban,Urban,2022,7,Monsoon,1039333,8287,4.2,34.0,64.0,86.0,8.0,96.7,100.0,236.04,6702.3,227.1,6.45,Critical,1
Bengaluru Peri-Urban,Urban,2022,8,Monsoon,1021542,8402,3.8,22.8,101.4,89.4,6.3,99.3,100.0,206.89,4916.44,202.5,4.81,Critical,1
Bengaluru Peri-Urban,Urban,2022,9,Monsoon,995456,8471,3.9,28.7,37.8,87.2,6.3,97.2,100.0,215.22,5054.07,216.2,5.08,Critical,1
Bengaluru Peri-Urban,Urban,2022,10,Winter,986148,8411,3.7,25.3,0.7,94.3,0.2,95.6,100.0,214.25,4618.86,217.3,4.68,Critical,1
Bengaluru Peri-Urban,Urban,2022,11,Winter,1014157,8510,4.1,18.2,24.5,88.8,2.2,97.9,100.0,202.77,4675.69,199.9,4.61,Critical,1
Bengaluru Peri-Urban,Urban,2022,12,Winter,1014865,8301,3.5,21.2,27.1,87.8,12.9,96.7,100.0,209.85,4830.59,206.8,4.76,Critical,1
Bengaluru Peri-Urban,Urban,2023,1,Winter,1044465,8493,3.3,24.8,22.2,87.3,9.3,99.5,100.0,217.77,5078.98,208.5,4.86,Critical,1
Bengaluru Peri-Urban,Urban,2023,2,Winter,1035511,8581,3.9,22.5,19.5,81.3,3.2,99.5,100.0,204.55,4491.43,197.5,4.34,Critical,1
Bengaluru Peri-Urban,Urban,2023,3,Summer,1011740,8456,3.8,34.1,8.4,93.3,4.2,99.5,100.0,232.54,6979.27,229.8,6.9,Critical,1
Bengaluru Peri-Urban,Urban,2023,4,Summer,1045877,8569,4.3,38.8,1.2,90.4,5.3,99.5,100.0,243.96,8145.61,233.3,7.79,Critical,1
Bengaluru Peri-Urban,Urban,2023,5,Summer,1026460,8527,4.0,34.5,39.8,89.6,9.3,99.5,100.0,242.02,6965.99,235.8,6.79,Critical,1
Bengaluru Peri-Urban,Urban,2023,6,Monsoon,1018829,8416,3.7,24.8,182.7,85.6,3.9,97.1,100.0,215.06,4634.17,211.1,4.55,Critical,1
Bengaluru Peri-Urban,Urban,2023,7,Monsoon,1057761,8415,4.2,28.6,230.7,88.3,4.8,97.1,100.0,225.62,5511.16,213.3,5.21,High,1
Bengaluru Peri-Urban,Urban,2023,8,Monsoon,1053980,8556,3.5,29.0,131.2,89.9,2.9,99.5,100.0,228.2,5550.52,216.5,5.27,High,1
Bengaluru Peri-Urban,Urban,2023,9,Monsoon,1003964,8608,3.5,28.3,5.8,90.0,4.1,98.5,100.0,215.42,5289.1,214.6,5.27,Critical,1
Bengaluru Peri-Urban,Urban,2023,10,Winter,1015325,8506,3.8,22.2,19.7,87.6,6.0,99.5,100.0,202.25,4880.93,199.2,4.81,Critical,1
Bengaluru Peri-Urban,Urban,2023,11,Winter,1059013,8537,4.2,24.9,9.9,92.9,10.3,99.5,100.0,220.57,4988.53,208.3,4.71,Critical,1
Bengaluru Peri-Urban,Urban,2023,12,Winter,1044020,8562,3.3,24.4,31.8,90.7,3.2,99.4,100.0,218.06,4803.54,208.9,4.6,Critical,1
Bengaluru Peri-Urban,Urban,2024,1,Winter,1059278,8772,3.5,28.3,14.3,89.2,1.9,98.2,100.0,227.97,5848.35,215.2,5.52,Critical,1
Bengaluru Peri-Urban,Urban,2024,2,Winter,1092123,8732,4.2,25.0,2.2,89.4,5.1,99.5,100.0,229.2,5217.12,209.9,4.78,Critical,1
Bengaluru Peri-Urban,Urban,2024,3,Summer,1054868,8793,3.4,36.3,15.8,85.6,4.6,99.5,100.0,242.09,7469.02,229.5,7.08,Critical,1
Bengaluru Peri-Urban,Urban,2024,4,Summer,1072536,8774,3.7,34.7,39.1,86.1,5.8,99.5,100.0,244.06,7013.33,227.6,6.54,Critical,1
Bengaluru Peri-Urban,Urban,2024,5,Summer,1043384,8635,3.7,35.0,1.3,82.8,4.3,97.4,100.0,230.61,7084.89,221.0,6.79,Critical,1
Bengaluru Peri-Urban,Urban,2024,6,Monsoon,1042888,8656,3.5,25.8,20.1,88.5,6.8,99.2,100.0,216.96,4926.03,208.0,4.72,Critical,1
Bengaluru Peri-Urban,Urban,2024,7,Monsoon,1021368,8604,4.0,28.8,236.2,84.5,5.1,97.9,100.0,214.7,5383.88,210.2,5.27,High,1
Bengaluru Peri-Urban,Urban,2024,8,Monsoon,1056726,8847,3.7,26.6,250.6,87.0,10.5,99.5,100.0,225.5,5182.2,213.4,4.9,High,1
Bengaluru Peri-Urban,Urban,2024,9,Monsoon,1077104,8690,4.4,26.9,31.5,78.0,0.6,99.4,100.0,219.33,5303.2,203.6,4.92,Critical,1
Bengaluru Peri-Urban,Urban,2024,10,Winter,1054044,8862,3.8,19.7,17.2,92.9,11.7,99.5,100.0,209.02,5285.72,198.3,5.01,Critical,1
Bengaluru Peri-Urban,Urban,2024,11,Winter,1035955,8634,3.6,24.5,2.5,89.3,3.7,99.5,100.0,217.82,4979.48,210.3,4.81,Critical,1
Bengaluru Peri-Urban,Urban,2024,12,Winter,1043991,8799,3.8,21.8,19.2,88.6,3.4,99.5,100.0,216.39,5000.74,207.3,4.79,Critical,1
Bengaluru Peri-Urban,Urban,2025,1,Winter,1063305,8921,4.0,22.2,0.0,92.1,7.1,99.5,100.0,218.27,5041.85,205.3,4.74,Critical,1
Bengaluru Peri-Urban,Urban,2025,2,Winter,1062227,8913,3.7,23.9,0.5,87.4,0.0,97.6,100.0,222.27,4566.99,209.2,4.3,Critical,1
Bengaluru Peri-Urban,Urban,2025,3,Summer,1112560,8789,3.7,34.3,31.6,95.2,5.7,99.5,100.0,256.06,7414.13,230.2,6.66,Critical,1
Bengaluru Peri-Urban,Urban,2025,4,Summer,1076279,8883,4.0,34.4,10.4,86.7,3.3,99.5,100.0,246.03,6974.94,228.6,6.48,Critical,1
Bengaluru Peri-Urban,Urban,2025,5,Summer,1109720,8848,4.0,34.5,25.0,90.3,1.6,99.5,100.0,251.11,7325.48,226.3,6.6,Critical,1
Bengaluru Peri-Urban,Urban,2025,6,Monsoon,1078287,8896,3.9,27.8,38.7,88.8,4.7,99.5,100.0,236.61,5670.11,219.4,5.26,Critical,1
Bengaluru Peri-Urban,Urban,2025,7,Monsoon,1103184,8980,4.2,25.5,48.0,84.7,1.2,99.5,100.0,225.85,4945.93,204.7,4.48,Critical,1
Bengaluru Peri-Urban,Urban,2025,8,Monsoon,1089518,8895,3.6,25.0,380.0,79.0,4.4,98.4,100.0,223.58,5072.14,205.2,4.66,Critical,1
Bengaluru Peri-Urban,Urban,2025,9,Monsoon,1120333,8940,3.8,25.4,74.7,84.7,7.8,99.5,100.0,228.98,4915.55,204.4,4.39,Critical,1
Bengaluru Peri-Urban,Urban,2025,10,Winter,1041102,8766,3.9,27.8,4.1,94.0,7.7,99.5,100.0,225.36,5496.89,216.5,5.28,Critical,1
Bengaluru Peri-Urban,Urban,2025,11,Winter,1110049,8964,3.8,24.6,12.8,89.4,6.5,99.5,100.0,228.81,5246.57,206.1,4.73,Critical,1
Bengaluru Peri-Urban,Urban,2025,12,Winter,1084062,8803,3.8,22.5,16.1,88.2,5.8,98.9,100.0,222.11,4810.33,204.9,4.44,Critical,1
Hubballi-Dharwad Urban,Urban,2019,1,Winter,643407,4630,3.5,23.1,3.1,66.4,13.1,91.6,98.4,115.39,2796.74,179.3,4.35,Critical,1
Hubballi-Dharwad Urban,Urban,2019,2,Winter,601160,4579,3.1,22.9,4.8,73.7,13.6,90.3,97.6,119.25,2539.52,198.4,4.22,High,1
Hubballi-Dharwad Urban,Urban,2019,3,Summer,625570,4576,3.9,35.9,13.7,68.6,9.1,91.2,98.1,137.51,4182.18,219.8,6.69,Critical,1
Hubballi-Dharwad Urban,Urban,2019,4,Summer,627566,4573,3.9,33.9,2.2,72.7,12.1,87.9,99.2,132.75,3954.88,211.5,6.3,Critical,1
Hubballi-Dharwad Urban,Urban,2019,5,Summer,611202,4517,3.6,32.5,2.0,75.5,13.9,90.8,97.3,129.03,3609.61,211.1,5.91,High,1
Hubballi-Dharwad Urban,Urban,2019,6,Monsoon,601220,4680,4.0,26.9,306.6,72.1,10.7,92.0,96.7,124.09,2825.57,206.4,4.7,High,1
Hubballi-Dharwad Urban,Urban,2019,7,Monsoon,642543,4612,3.8,25.9,190.7,72.5,13.8,90.7,99.2,129.22,2862.42,201.1,4.45,High,1
Hubballi-Dharwad Urban,Urban,2019,8,Monsoon,595806,4516,3.9,26.5,95.9,74.3,9.7,91.6,97.1,122.67,2842.82,205.9,4.77,High,1
Hubballi-Dharwad Urban,Urban,2019,9,Monsoon,627190,4584,3.9,27.2,221.7,75.8,13.3,91.7,96.8,125.81,2916.89,200.6,4.65,Moderate,0
Hubballi-Dharwad Urban,Urban,2019,10,Winter,616269,4617,3.5,26.8,2.1,72.8,9.4,89.9,99.0,127.36,2828.22,206.7,4.59,High,1
Hubballi-Dharwad Urban,Urban,2019,11,Winter,615560,4595,3.7,25.1,31.3,72.3,8.4,90.5,97.9,120.54,2762.89,195.8,4.49,High,1
Hubballi-Dharwad Urban,Urban,2019,12,Winter,598533,4601,4.3,26.2,0.5,73.3,12.9,89.5,98.5,118.77,2797.05,198.4,4.67,Moderate,0
Hubballi-Dharwad Urban,Urban,2020,1,Winter,626000,4731,3.7,23.8,21.4,73.9,8.4,88.8,97.9,124.16,2749.61,198.3,4.39,High,1
Hubballi-Dharwad Urban,Urban,2020,2,Winter,620478,4643,3.4,22.6,7.0,72.3,14.0,92.3,97.9,120.31,2740.07,193.9,4.42,High,1
Hubballi-Dharwad Urban,Urban,2020,3,Summer,611439,4660,4.4,33.0,20.5,73.6,6.6,92.6,98.2,128.78,3745.94,210.6,6.13,High,1
Hubballi-Dharwad Urban,Urban,2020,4,Summer,645999,4747,4.1,32.4,5.0,73.6,6.7,91.3,97.7,139.6,3696.89,216.1,5.72,Critical,1
Hubballi-Dharwad Urban,Urban,2020,5,Summer,656826,4615,3.8,37.5,36.2,68.1,15.3,89.0,97.7,144.41,4581.04,219.9,6.97,Critical,1
Hubballi-Dharwad Urban,Urban,2020,6,Monsoon,621571,4664,3.7,28.7,117.8,74.5,12.7,92.5,99.7,124.47,3331.73,200.3,5.36,Critical,1
Hubballi-Dharwad Urban,Urban,2020,7,Monsoon,656220,4665,4.2,29.1,81.3,74.2,6.9,92.7,97.2,132.71,3481.46,202.2,5.31,Critical,1
Hubballi-Dharwad Urban,Urban,2020,8,Monsoon,622908,4737,4.3,28.2,6.7,71.9,8.7,88.8,97.4,130.52,2973.57,209.5,4.77,Critical,1
Hubballi-Dharwad Urban,Urban,2020,9,Monsoon,617736,4792,4.4,29.7,380.0,69.7,10.0,92.1,97.7,126.78,3228.84,205.2,5.23,Moderate,0
Hubballi-Dharwad Urban,Urban,2020,10,Winter,636542,4729,3.3,23.4,15.1,72.9,11.9,93.4,98.9,123.9,2776.12,194.6,4.36,High,1
Hubballi-Dharwad Urban,Urban,2020,11,Winter,651842,4642,4.2,26.6,10.8,66.1,12.1,90.7,98.8,130.51,2885.83,200.2,4.43,High,1
Hubballi-Dharwad Urban,Urban,2020,12,Winter,622028,4756,4.3,24.6,0.0,72.4,10.2,92.6,97.6,121.89,2589.62,196.0,4.16,Critical,1
Hubballi-Dharwad Urban,Urban,2021,1,Winter,667051,4774,3.8,20.6,3.3,71.9,10.8,94.2,99.1,124.0,3088.97,185.9,4.63,High,1
Hubballi-Dharwad Urban,Urban,2021,2,Winter,632642,4820,4.2,20.4,13.4,69.2,10.6,91.1,100.0,120.07,2858.02,189.8,4.52,High,1
Hubballi-Dharwad Urban,Urban,2021,3,Summer,647576,4721,3.8,39.4,17.4,75.1,11.0,92.2,98.8,152.15,4774.66,235.0,7.37,Critical,1
Hubballi-Dharwad Urban,Urban,2021,4,Summer,650120,4730,3.6,35.7,1.1,72.8,13.3,93.3,99.0,138.96,4199.17,213.7,6.46,Critical,1
Hubballi-Dharwad Urban,Urban,2021,5,Summer,627560,4866,4.0,37.5,41.1,69.6,14.1,91.8,100.0,137.48,4291.34,219.1,6.84,High,1
Hubballi-Dharwad Urban,Urban,2021,6,Monsoon,634286,4758,4.3,29.3,351.3,76.9,9.1,95.0,99.7,131.62,3296.32,207.5,5.2,Moderate,0
Hubballi-Dharwad Urban,Urban,2021,7,Monsoon,648579,4780,3.8,28.4,68.8,68.2,10.1,89.5,98.3,126.79,3194.33,195.5,4.93,High,1
Hubballi-Dharwad Urban,Urban,2021,8,Monsoon,638397,4779,4.5,29.6,71.0,72.5,11.2,92.8,98.9,127.79,3511.35,200.2,5.5,Critical,1
Hubballi-Dharwad Urban,Urban,2021,9,Monsoon,634317,4787,3.6,23.8,19.7,69.5,12.0,92.7,98.3,124.25,2842.01,195.9,4.48,Moderate,0
Hubballi-Dharwad Urban,Urban,2021,10,Winter,637008,4846,3.9,26.0,19.5,72.4,5.3,91.4,98.9,126.19,3049.53,198.1,4.79,High,1
Hubballi-Dharwad Urban,Urban,2021,11,Winter,666866,4764,3.9,25.1,21.2,75.3,11.3,91.5,99.9,134.33,2939.05,201.4,4.41,High,1
Hubballi-Dharwad Urban,Urban,2021,12,Winter,656413,4793,3.9,22.9,8.7,78.1,8.0,92.0,100.0,127.57,2947.03,194.3,4.49,High,1
Hubballi-Dharwad Urban,Urban,2022,1,Winter,664577,4839,3.8,25.8,5.8,73.0,13.6,95.1,98.9,135.33,3008.28,203.6,4.53,Critical,1
Hubballi-Dharwad Urban,Urban,2022,2,Winter,668739,5021,3.9,25.3,11.0,74.7,11.7,91.5,98.2,133.82,3037.3,200.1,4.54,High,1
Hubballi-Dharwad Urban,Urban,2022,3,Summer,682854,4921,3.7,35.8,4.6,68.4,9.4,92.6,99.0,143.68,4481.65,210.4,6.56,Critical,1
Hubballi-Dharwad Urban,Urban,2022,4,Summer,676238,4911,3.8,30.0,11.9,68.5,15.1,96.2,99.7,139.52,3607.25,206.3,5.33,High,1
Hubballi-Dharwad Urban,Urban,2022,5,Summer,663573,4950,3.8,34.6,52.5,67.1,10.4,93.9,99.6,138.0,4077.75,208.0,6.15,High,1
Hubballi-Dharwad Urban,Urban,2022,6,Monsoon,677096,4895,4.3,27.7,0.6,64.2,8.9,93.3,98.5,130.28,3366.38,192.4,4.97,Critical,1
Hubballi-Dharwad Urban,Urban,2022,7,Monsoon,640680,4961,4.1,25.5,39.2,67.8,17.9,92.1,98.2,125.23,2796.3,195.5,4.36,High,1
Hubballi-Dharwad Urban,Urban,2022,8,Monsoon,666101,4934,3.9,28.8,73.9,70.4,13.7,92.1,100.0,129.69,3423.42,194.7,5.14,Critical,1
Hubballi-Dharwad Urban,Urban,2022,9,Monsoon,667444,4964,3.2,25.7,77.9,72.5,10.0,94.0,98.7,129.45,2966.47,193.9,4.44,Critical,1
Hubballi-Dharwad Urban,Urban,2022,10,Winter,637581,4983,3.6,21.4,7.9,77.6,9.7,91.5,100.0,128.08,2974.6,200.9,4.67,High,1
Hubballi-Dharwad Urban,Urban,2022,11,Winter,659704,4931,3.4,23.9,18.2,73.8,15.3,94.4,100.0,128.46,3215.33,194.7,4.87,High,1
Hubballi-Dharwad Urban,Urban,2022,12,Winter,666416,4819,4.7,22.7,6.5,71.9,11.9,93.6,99.4,124.42,3007.85,186.7,4.51,High,1
Hubballi-Dharwad Urban,Urban,2023,1,Winter,692547,5020,3.9,19.2,8.8,74.8,10.6,96.1,100.0,134.6,3086.21,194.4,4.46,High,1
Hubballi-Dharwad Urban,Urban,2023,2,Winter,665132,4977,3.7,25.8,2.4,68.8,16.4,96.2,100.0,126.42,2954.99,190.1,4.44,High,1
Hubballi-Dharwad Urban,Urban,2023,3,Summer,663966,5077,4.3,34.0,9.2,71.7,13.0,97.1,100.0,142.08,4155.3,214.0,6.26,Critical,1
Hubballi-Dharwad Urban,Urban,2023,4,Summer,680934,4977,3.8,34.7,0.9,69.8,16.1,94.2,100.0,142.08,4252.11,208.7,6.24,Critical,1
Hubballi-Dharwad Urban,Urban,2023,5,Summer,670770,5027,4.1,32.5,67.6,75.0,7.9,95.3,100.0,142.16,4041.08,211.9,6.02,Critical,1
Hubballi-Dharwad Urban,Urban,2023,6,Monsoon,657815,4919,4.0,25.7,189.5,72.1,15.7,92.8,99.2,131.97,2796.17,200.6,4.25,Moderate,0
Hubballi-Dharwad Urban,Urban,2023,7,Monsoon,667806,4983,4.3,28.8,348.0,67.5,6.5,94.2,99.3,132.26,3314.12,198.1,4.96,High,1
Hubballi-Dharwad Urban,Urban,2023,8,Monsoon,686977,5038,3.8,26.2,302.1,73.7,11.3,93.0,100.0,138.24,3126.96,201.2,4.55,Low,0
Hubballi-Dharwad Urban,Urban,2023,9,Monsoon,706317,4987,4.2,27.9,18.5,71.6,11.0,96.0,100.0,144.28,3402.99,204.3,4.82,Critical,1
Hubballi-Dharwad Urban,Urban,2023,10,Winter,660924,5015,4.1,22.4,16.3,72.2,10.2,94.0,100.0,126.5,2852.12,191.4,4.32,High,1
Hubballi-Dharwad Urban,Urban,2023,11,Winter,693015,5109,3.9,24.4,2.5,69.4,16.9,94.8,100.0,132.05,3110.6,190.5,4.49,Critical,1
Hubballi-Dharwad Urban,Urban,2023,12,Winter,688185,4989,3.8,26.1,14.3,73.0,12.8,93.9,100.0,140.92,3008.18,204.8,4.37,High,1
Hubballi-Dharwad Urban,Urban,2024,1,Winter,695520,5113,3.6,23.7,17.9,72.1,9.2,94.9,100.0,131.06,2985.92,188.4,4.29,Moderate,0
Hubballi-Dharwad Urban,Urban,2024,2,Winter,736104,5119,4.6,26.1,25.4,71.7,13.0,97.6,98.9,140.39,3237.46,190.7,4.4,Critical,1
Hubballi-Dharwad Urban,Urban,2024,3,Summer,706057,5114,3.4,36.6,9.8,72.3,15.0,96.3,98.8,153.41,4813.5,217.3,6.82,Critical,1
Hubballi-Dharwad Urban,Urban,2024,4,Summer,686144,5092,3.5,36.9,1.0,73.6,11.0,95.3,99.5,149.69,4505.83,218.2,6.57,Critical,1
Hubballi-Dharwad Urban,Urban,2024,5,Summer,670887,5105,3.9,38.6,22.8,70.3,13.3,97.9,99.9,150.18,4857.18,223.9,7.24,Critical,1
Hubballi-Dharwad Urban,Urban,2024,6,Monsoon,695720,5087,3.9,30.8,380.0,74.5,10.7,95.0,99.5,148.86,3948.07,214.0,5.67,Moderate,0
Hubballi-Dharwad Urban,Urban,2024,7,Monsoon,684388,5088,3.6,29.7,0.1,72.7,6.0,94.0,98.8,143.0,3600.07,208.9,5.26,Critical,1
Hubballi-Dharwad Urban,Urban,2024,8,Monsoon,689189,5075,3.8,29.5,58.1,68.5,11.4,94.2,100.0,136.32,3602.91,197.8,5.23,Critical,1
Hubballi-Dharwad Urban,Urban,2024,9,Monsoon,685565,5132,4.4,28.8,26.8,70.1,7.3,93.7,99.0,140.62,3242.69,205.1,4.73,Critical,1
Hubballi-Dharwad Urban,Urban,2024,10,Winter,691747,5162,3.3,22.1,2.2,74.4,7.0,95.6,99.6,133.8,2993.06,193.4,4.33,Moderate,0
Hubballi-Dharwad Urban,Urban,2024,11,Winter,689556,5121,4.1,23.2,2.4,73.2,8.4,97.0,99.9,137.02,2949.06,198.7,4.28,High,1
Hubballi-Dharwad Urban,Urban,2024,12,Winter,707607,5118,4.0,23.3,33.4,70.4,13.1,92.9,99.5,134.55,3284.62,190.1,4.64,High,1
Hubballi-Dharwad Urban,Urban,2025,1,Winter,702090,5187,3.7,21.9,2.6,75.5,15.0,94.3,100.0,134.54,3238.95,191.6,4.61,Critical,1
Hubballi-Dharwad Urban,Urban,2025,2,Winter,724788,5222,3.6,23.7,2.4,71.5,5.8,96.7,100.0,139.64,3192.98,192.7,4.41,High,1
Hubballi-Dharwad Urban,Urban,2025,3,Summer,703428,5230,4.0,35.5,2.4,74.0,7.6,97.3,100.0,156.82,4894.84,222.9,6.96,Critical,1
Hubballi-Dharwad Urban,Urban,2025,4,Summer,690970,5202,3.5,34.6,44.7,75.6,12.9,96.2,99.5,149.01,4464.51,215.7,6.46,Critical,1
Hubballi-Dharwad Urban,Urban,2025,5,Summer,693895,5089,3.7,31.4,58.7,74.1,9.2,98.1,100.0,143.92,4072.51,207.4,5.87,Critical,1
Hubballi-Dharwad Urban,Urban,2025,6,Monsoon,726164,5264,4.1,27.0,65.5,73.1,8.3,95.6,100.0,143.08,3604.16,197.0,4.96,High,1
Hubballi-Dharwad Urban,Urban,2025,7,Monsoon,686597,5326,4.0,30.4,29.9,70.0,7.2,95.6,100.0,137.83,3456.19,200.7,5.03,Critical,1
Hubballi-Dharwad Urban,Urban,2025,8,Monsoon,701580,5227,3.4,29.6,178.1,71.0,12.9,96.5,99.8,143.33,3757.07,204.3,5.36,Critical,1
Hubballi-Dharwad Urban,Urban,2025,9,Monsoon,717225,5286,3.3,29.5,380.0,70.3,10.6,97.3,100.0,140.7,3901.47,196.2,5.44,High,1
Hubballi-Dharwad Urban,Urban,2025,10,Winter,714071,5226,4.0,23.8,5.0,68.2,11.5,94.5,100.0,137.87,3095.75,193.1,4.34,High,1
Hubballi-Dharwad Urban,Urban,2025,11,Winter,703091,5287,4.0,23.8,9.8,73.8,9.7,96.3,100.0,132.73,3188.86,188.8,4.54,High,1
Hubballi-Dharwad Urban,Urban,2025,12,Winter,734950,5220,4.3,22.4,9.1,68.7,11.0,95.9,100.0,139.32,3311.93,189.6,4.51,Critical,1
Ballari Industrial Urban,Urban,2019,1,Winter,381812,4202,3.8,25.2,11.7,78.8,8.1,86.9,97.1,76.5,1778.64,200.4,4.66,High,1
Ballari Industrial Urban,Urban,2019,2,Winter,376824,4019,3.8,22.2,12.9,87.3,0.8,89.0,94.9,76.42,1867.28,202.8,4.96,High,1
Ballari Industrial Urban,Urban,2019,3,Summer,389756,4115,4.6,33.6,64.7,84.7,2.2,87.9,96.9,85.6,2436.4,219.6,6.25,Critical,1
Ballari Industrial Urban,Urban,2019,4,Summer,382317,4096,4.0,35.6,1.2,83.3,5.6,90.0,96.5,85.81,2706.18,224.4,7.08,High,1
Ballari Industrial Urban,Urban,2019,5,Summer,396111,4066,3.8,31.4,6.8,85.7,6.0,89.4,98.0,85.21,2387.67,215.1,6.03,High,1
Ballari Industrial Urban,Urban,2019,6,Monsoon,383686,4121,4.2,32.2,95.4,84.3,6.9,88.0,97.2,85.47,2222.51,222.8,5.79,Critical,1
Ballari Industrial Urban,Urban,2019,7,Monsoon,386762,4101,3.6,29.6,118.8,89.1,2.1,89.4,96.5,84.87,2175.31,219.4,5.62,High,1
Ballari Industrial Urban,Urban,2019,8,Monsoon,397503,4130,3.8,25.3,210.8,85.8,4.1,89.5,96.0,81.86,1874.61,205.9,4.72,High,1
Ballari Industrial Urban,Urban,2019,9,Monsoon,398221,4166,3.9,24.9,29.5,86.7,3.0,88.9,96.8,81.15,1865.51,203.8,4.68,High,1
Ballari Industrial Urban,Urban,2019,10,Winter,403093,4153,3.3,23.2,17.6,84.3,9.6,89.1,98.1,81.38,1813.96,201.9,4.5,Critical,1
Ballari Industrial Urban,Urban,2019,11,Winter,391728,4131,4.2,23.8,4.8,86.9,9.4,88.8,96.4,79.42,1778.77,202.7,4.54,Critical,1
Ballari Industrial Urban,Urban,2019,12,Winter,388437,4146,4.0,22.9,6.8,82.7,11.7,86.7,98.6,77.7,1788.21,200.0,4.6,Moderate,0
Ballari Industrial Urban,Urban,2020,1,Winter,390291,4163,3.9,23.0,6.1,90.1,10.0,92.3,96.8,81.37,1700.77,208.5,4.36,High,1
Ballari Industrial Urban,Urban,2020,2,Winter,398134,4227,4.0,24.2,5.5,85.0,8.9,92.3,97.9,82.45,1770.64,207.1,4.45,Moderate,0
Ballari Industrial Urban,Urban,2020,3,Summer,397824,4188,3.7,36.4,21.5,78.4,11.0,89.4,97.8,88.7,2802.04,223.0,7.04,High,1
Ballari Industrial Urban,Urban,2020,4,Summer,395130,4177,4.1,35.7,11.4,84.3,10.0,88.7,96.0,89.03,2661.46,225.3,6.74,High,1
Ballari Industrial Urban,Urban,2020,5,Summer,402498,4187,3.5,35.1,79.8,84.7,9.9,88.3,98.5,90.49,2620.05,224.8,6.51,High,1
Ballari Industrial Urban,Urban,2020,6,Monsoon,401735,4244,4.0,31.8,4.0,77.7,0.0,89.1,98.6,83.14,2161.7,207.0,5.38,Critical,1
Ballari Industrial Urban,Urban,2020,7,Monsoon,389889,4124,3.7,28.0,48.1,82.6,7.4,89.5,96.3,79.49,1987.77,203.9,5.1,High,1
Ballari Industrial Urban,Urban,2020,8,Monsoon,404940,4192,3.3,26.9,52.4,86.7,12.6,89.1,97.8,82.99,1841.03,204.9,4.55,Critical,1
Ballari Industrial Urban,Urban,2020,9,Monsoon,407974,4126,4.0,27.5,134.0,85.5,12.8,91.7,96.9,85.89,1974.36,210.5,4.84,High,1
Ballari Industrial Urban,Urban,2020,10,Winter,410164,4113,3.9,19.8,18.3,87.7,5.2,90.8,97.5,79.57,1944.09,194.0,4.74,Critical,1
Ballari Industrial Urban,Urban,2020,11,Winter,398121,4198,4.2,25.1,10.2,89.9,8.9,88.7,97.3,80.63,1836.57,202.5,4.61,High,1
Ballari Industrial Urban,Urban,2020,12,Winter,404634,4187,3.8,25.2,40.8,86.5,7.9,86.8,96.4,86.02,1892.63,212.6,4.68,High,1
Ballari Industrial Urban,Urban,2021,1,Winter,398552,4257,3.6,21.0,8.1,81.0,0.6,91.0,98.0,79.64,1773.16,199.8,4.45,High,1
Ballari Industrial Urban,Urban,2021,2,Winter,403620,4347,4.0,27.4,1.1,86.8,8.5,90.0,96.5,85.65,2092.13,212.2,5.18,High,1
Ballari Industrial Urban,Urban,2021,3,Summer,408377,4253,3.7,33.2,6.2,89.9,4.8,89.7,96.8,92.85,2580.33,227.4,6.32,High,1
Ballari Industrial Urban,Urban,2021,4,Summer,411379,4264,4.0,33.5,12.7,88.0,3.6,92.3,98.2,92.08,2622.61,223.8,6.38,Critical,1
Ballari Industrial Urban,Urban,2021,5,Summer,398577,4257,4.2,38.2,26.2,83.6,1.6,92.0,99.1,93.32,3019.33,234.1,7.58,Critical,1
Ballari Industrial Urban,Urban,2021,6,Monsoon,390538,4322,3.8,30.9,46.6,85.6,12.8,92.1,97.3,85.34,2249.52,218.5,5.76,High,1
Ballari Industrial Urban,Urban,2021,7,Monsoon,402780,4246,3.6,25.4,101.7,81.7,6.7,89.7,98.3,83.71,1898.21,207.8,4.71,High,1
Ballari Industrial Urban,Urban,2021,8,Monsoon,409602,4256,4.3,28.1,149.7,91.3,5.4,90.6,97.3,89.75,2038.08,219.1,4.98,High,1
Ballari Industrial Urban,Urban,2021,9,Monsoon,408451,4301,3.7,25.1,170.6,85.2,10.2,89.1,97.9,86.26,1933.09,211.2,4.73,High,1
Ballari Industrial Urban,Urban,2021,10,Winter,402399,4252,3.8,26.4,0.9,80.7,7.4,91.5,98.5,84.29,1913.6,209.5,4.76,High,1
Ballari Industrial Urban,Urban,2021,11,Winter,396289,4275,4.0,25.8,5.0,87.3,8.5,92.6,99.3,84.07,1814.44,212.1,4.58,High,1
Ballari Industrial Urban,Urban,2021,12,Winter,411755,4253,4.2,23.8,5.4,84.8,3.8,86.9,98.2,85.42,1940.01,207.5,4.71,Moderate,0
Ballari Industrial Urban,Urban,2022,1,Winter,397840,4431,4.2,23.2,5.3,82.0,9.8,90.3,98.1,79.67,1848.65,200.3,4.65,Critical,1
Ballari Industrial Urban,Urban,2022,2,Winter,401480,4386,3.2,24.6,26.6,83.3,5.3,92.4,99.7,81.89,1846.26,204.0,4.6,Critical,1
Ballari Industrial Urban,Urban,2022,3,Summer,418168,4428,3.8,32.5,1.9,86.8,0.9,91.7,98.2,90.83,2586.52,217.2,6.19,Critical,1
Ballari Industrial Urban,Urban,2022,4,Summer,425882,4432,4.0,34.4,1.1,85.9,3.5,89.4,96.9,96.94,2862.47,227.6,6.72,Critical,1
Ballari Industrial Urban,Urban,2022,5,Summer,425992,4361,3.6,37.4,4.1,86.1,4.6,89.7,99.0,101.36,3142.45,237.9,7.38,Critical,1
Ballari Industrial Urban,Urban,2022,6,Monsoon,412470,4315,4.1,29.7,260.8,88.2,3.4,91.8,97.7,90.96,2277.35,220.5,5.52,Moderate,0
Ballari Industrial Urban,Urban,2022,7,Monsoon,411498,4406,3.5,28.4,100.7,86.4,4.4,93.6,99.0,87.48,2037.3,212.6,4.95,High,1
Ballari Industrial Urban,Urban,2022,8,Monsoon,408327,4307,3.5,27.4,50.1,86.2,6.4,92.0,99.2,87.25,2082.71,213.7,5.1,High,1
Ballari Industrial Urban,Urban,2022,9,Monsoon,425118,4364,3.7,24.9,30.3,89.1,5.9,89.7,99.0,91.78,1932.99,215.9,4.55,Critical,1
Ballari Industrial Urban,Urban,2022,10,Winter,404754,4374,4.1,24.9,13.8,83.3,7.5,92.8,99.0,81.83,1927.27,202.2,4.76,High,1
Ballari Industrial Urban,Urban,2022,11,Winter,413784,4316,4.4,24.5,28.9,79.8,1.2,93.0,97.7,83.77,1895.25,202.4,4.58,High,1
Ballari Industrial Urban,Urban,2022,12,Winter,419728,4437,3.8,25.9,0.8,87.5,9.6,90.0,98.4,88.04,1914.77,209.8,4.56,Critical,1
Ballari Industrial Urban,Urban,2023,1,Winter,431046,4400,4.4,22.8,12.7,84.3,8.3,91.2,98.2,87.76,2015.43,203.6,4.68,High,1
Ballari Industrial Urban,Urban,2023,2,Winter,420394,4509,3.8,25.9,19.0,83.2,4.8,91.9,97.8,90.23,1918.57,214.6,4.56,Critical,1
Ballari Industrial Urban,Urban,2023,3,Summer,417091,4472,4.3,36.0,47.6,90.3,5.6,91.0,99.5,98.84,2810.98,237.0,6.74,Critical,1
Ballari Industrial Urban,Urban,2023,4,Summer,425400,4460,3.9,34.2,13.8,88.9,8.3,94.2,98.8,98.17,2881.13,230.8,6.77,Critical,1
Ballari Industrial Urban,Urban,2023,5,Summer,423310,4442,3.7,33.1,1.8,82.4,10.4,90.3,99.0,92.51,2689.07,218.5,6.35,Critical,1
Ballari Industrial Urban,Urban,2023,6,Monsoon,425944,4524,3.8,28.4,1.3,76.5,7.0,92.0,98.5,90.75,2106.38,213.1,4.95,Critical,1
Ballari Industrial Urban,Urban,2023,7,Monsoon,436204,4414,4.1,28.3,34.3,84.1,10.6,93.1,98.6,91.6,2379.86,210.0,5.46,High,1
Ballari Industrial Urban,Urban,2023,8,Monsoon,408302,4509,3.1,27.4,142.9,85.4,6.3,94.3,99.6,89.14,1948.92,218.3,4.77,High,1
Ballari Industrial Urban,Urban,2023,9,Monsoon,423517,4466,4.0,23.9,357.2,91.6,8.7,90.6,99.1,88.01,2006.43,207.8,4.74,Moderate,0
Ballari Industrial Urban,Urban,2023,10,Winter,420656,4505,3.8,28.6,18.1,84.5,5.1,94.7,98.1,89.82,2248.66,213.5,5.35,High,1
Ballari Industrial Urban,Urban,2023,11,Winter,416490,4505,4.2,25.1,3.4,88.1,11.7,90.4,98.2,88.95,2037.05,213.6,4.89,High,1
Ballari Industrial Urban,Urban,2023,12,Winter,413185,4469,3.8,22.4,4.0,85.7,9.9,93.0,98.8,83.6,1967.78,202.3,4.76,Critical,1
Ballari Industrial Urban,Urban,2024,1,Winter,430749,4542,4.3,24.3,4.4,83.8,10.7,92.8,100.0,88.12,2106.59,204.6,4.89,Critical,1
Ballari Industrial Urban,Urban,2024,2,Winter,438392,4575,4.0,25.2,2.7,84.9,14.2,94.8,100.0,91.17,2114.96,208.0,4.82,Critical,1
Ballari Industrial Urban,Urban,2024,3,Summer,432189,4571,3.7,35.6,11.1,85.1,13.0,92.9,100.0,98.53,2867.56,228.0,6.63,Critical,1
Ballari Industrial Urban,Urban,2024,4,Summer,427951,4508,3.9,35.2,17.1,87.1,8.6,93.7,99.5,98.06,2987.04,229.1,6.98,Critical,1
Ballari Industrial Urban,Urban,2024,5,Summer,425383,4533,3.9,35.8,14.2,86.8,5.9,93.6,98.8,97.49,2865.64,229.2,6.74,Critical,1
Ballari Industrial Urban,Urban,2024,6,Monsoon,423784,4602,4.1,26.2,38.6,86.2,4.0,93.4,98.3,88.73,2072.79,209.4,4.89,Critical,1
Ballari Industrial Urban,Urban,2024,7,Monsoon,426352,4604,3.9,27.5,244.4,85.2,8.9,94.6,99.2,84.78,2085.68,198.8,4.89,High,1
Ballari Industrial Urban,Urban,2024,8,Monsoon,420126,4697,3.6,27.4,258.6,84.1,9.2,92.0,97.4,88.29,2073.35,210.2,4.94,High,1
Ballari Industrial Urban,Urban,2024,9,Monsoon,437127,4553,3.3,27.2,26.8,84.8,6.6,96.2,100.0,90.99,2028.53,208.2,4.64,High,1
Ballari Industrial Urban,Urban,2024,10,Winter,432544,4537,3.4,24.8,3.6,87.0,11.3,92.4,100.0,86.92,2077.63,201.0,4.8,High,1
Ballari Industrial Urban,Urban,2024,11,Winter,432674,4624,3.6,24.7,5.2,84.9,3.0,94.0,99.3,86.43,2043.77,199.8,4.72,Critical,1
Ballari Industrial Urban,Urban,2024,12,Winter,442384,4598,3.5,26.8,54.3,86.9,1.3,93.1,99.0,92.49,2250.0,209.1,5.09,High,1
Ballari Industrial Urban,Urban,2025,1,Winter,445068,4630,3.8,22.2,0.2,85.6,8.8,93.6,100.0,88.78,2065.28,199.5,4.64,Critical,1
Ballari Industrial Urban,Urban,2025,2,Winter,421066,4696,4.7,24.9,2.2,85.4,10.5,97.3,100.0,88.92,1979.56,211.2,4.7,High,1
Ballari Industrial Urban,Urban,2025,3,Summer,437053,4638,3.5,34.5,5.2,77.3,6.1,93.0,100.0,95.23,2887.81,217.9,6.61,Critical,1
Ballari Industrial Urban,Urban,2025,4,Summer,438991,4609,3.6,38.0,3.4,86.3,5.0,95.3,100.0,104.15,3163.88,237.2,7.21,Critical,1
Ballari Industrial Urban,Urban,2025,5,Summer,440181,4652,4.0,36.9,4.2,87.2,6.5,92.8,100.0,99.71,3016.01,226.5,6.85,Critical,1
Ballari Industrial Urban,Urban,2025,6,Monsoon,429388,4703,3.6,26.1,19.1,86.8,5.8,92.3,99.0,89.83,2065.64,209.2,4.81,Critical,1
Ballari Industrial Urban,Urban,2025,7,Monsoon,434143,4686,3.6,26.4,16.2,89.0,1.4,94.0,100.0,91.82,2020.92,211.5,4.65,Critical,1
Ballari Industrial Urban,Urban,2025,8,Monsoon,459182,4699,4.0,29.7,152.5,89.2,8.3,93.0,99.6,101.15,2461.15,220.3,5.36,High,1
Ballari Industrial Urban,Urban,2025,9,Monsoon,424920,4693,4.2,29.9,140.1,83.9,6.2,93.5,100.0,92.09,2345.26,216.7,5.52,High,1
Ballari Industrial Urban,Urban,2025,10,Winter,449615,4675,3.8,22.7,12.2,82.8,12.2,95.4,99.3,88.08,2061.21,195.9,4.58,Critical,1
Ballari Industrial Urban,Urban,2025,11,Winter,455533,4703,3.6,24.5,17.2,88.2,7.6,94.5,99.9,93.19,2140.95,204.6,4.7,Critical,1
Ballari Industrial Urban,Urban,2025,12,Winter,438568,4627,3.8,23.7,4.6,88.4,6.1,96.0,100.0,90.99,2006.05,207.5,4.57,Moderate,0
Challakere Rural,Rural,2019,1,Winter,82664,212,5.2,19.8,9.0,21.1,88.9,46.6,85.0,18.22,167.01,220.4,2.02,Critical,1
Challakere Rural,Rural,2019,2,Winter,85327,205,6.1,25.1,0.4,17.0,87.7,48.9,85.3,27.27,197.14,319.6,2.31,Critical,1
Challakere Rural,Rural,2019,3,Summer,83558,207,5.3,38.0,3.3,12.1,85.5,50.0,87.3,35.4,273.94,423.7,3.28,Critical,1
Challakere Rural,Rural,2019,4,Summer,87717,210,5.6,35.5,70.4,14.3,88.2,47.2,83.9,13.18,272.54,150.3,3.11,Critical,1
Challakere Rural,Rural,2019,5,Summer,83750,206,4.7,36.1,4.9,9.5,91.1,48.0,84.7,34.58,271.78,412.9,3.25,Critical,1
Challakere Rural,Rural,2019,6,Monsoon,86242,211,5.6,26.6,352.8,22.2,94.6,47.0,87.6,10.62,173.77,123.1,2.01,Low,0
Challakere Rural,Rural,2019,7,Monsoon,83618,206,5.4,26.6,201.1,13.0,82.3,48.6,86.8,9.61,160.76,114.9,1.92,Low,0
Challakere Rural,Rural,2019,8,Monsoon,86205,209,5.4,28.6,54.8,13.7,87.1,49.6,85.7,10.33,180.13,119.8,2.09,High,1
Challakere Rural,Rural,2019,9,Monsoon,87732,209,5.2,27.1,380.0,13.7,83.1,46.8,86.9,10.71,173.64,122.1,1.98,Low,0
Challakere Rural,Rural,2019,10,Winter,83310,210,5.4,23.2,9.9,11.8,90.9,51.5,86.0,20.88,183.08,250.6,2.2,High,1
Challakere Rural,Rural,2019,11,Winter,83800,207,5.5,19.0,28.5,13.5,87.7,46.1,85.2,9.99,164.01,119.2,1.96,Critical,1
Challakere Rural,Rural,2019,12,Winter,83696,212,5.4,21.7,0.7,16.5,88.7,48.1,86.4,23.69,168.23,283.0,2.01,Critical,1
Challakere Rural,Rural,2020,1,Winter,85904,211,6.1,20.6,10.8,16.9,88.0,46.9,84.6,18.82,185.2,219.1,2.16,High,1
Challakere Rural,Rural,2020,2,Winter,85323,213,5.4,19.4,2.9,12.9,87.2,48.8,86.6,20.71,170.15,242.7,1.99,Critical,1
Challakere Rural,Rural,2020,3,Summer,86543,210,5.6,37.1,12.8,13.7,86.3,49.7,85.9,28.63,279.61,330.8,3.23,Critical,1
Challakere Rural,Rural,2020,4,Summer,85551,213,5.3,38.8,41.7,16.0,94.8,47.5,87.0,13.46,281.28,157.3,3.29,Critical,1
Challakere Rural,Rural,2020,5,Summer,90770,210,4.8,36.5,2.8,22.7,90.0,47.5,87.9,38.9,283.76,428.6,3.13,Critical,1
Challakere Rural,Rural,2020,6,Monsoon,86707,209,5.9,27.6,63.9,9.4,87.6,48.8,86.7,10.39,170.31,119.8,1.96,Critical,1
Challakere Rural,Rural,2020,7,Monsoon,82411,210,5.5,29.3,309.5,12.6,80.6,48.5,87.9,9.83,156.63,119.3,1.9,Low,0
Challakere Rural,Rural,2020,8,Monsoon,85197,212,5.2,28.4,46.1,17.3,95.1,50.0,87.7,10.75,169.16,126.2,1.99,Critical,1
Challakere Rural,Rural,2020,9,Monsoon,83915,211,5.6,27.2,380.0,12.7,90.4,47.5,87.1,10.22,150.64,121.8,1.8,Low,0
Challakere Rural,Rural,2020,10,Winter,90800,210,5.1,23.7,6.3,16.2,89.8,50.2,88.3,25.03,192.7,275.7,2.12,Critical,1
Challakere Rural,Rural,2020,11,Winter,89312,211,5.6,23.7,12.2,12.6,88.5,51.2,86.2,20.96,205.97,234.7,2.31,Critical,1
Challakere Rural,Rural,2020,12,Winter,87170,209,5.5,24.1,6.3,13.4,86.6,46.6,85.7,23.23,188.15,266.5,2.16,Critical,1
Challakere Rural,Rural,2021,1,Winter,90037,214,5.5,19.4,5.1,12.7,91.5,48.6,87.5,21.6,174.66,239.9,1.94,High,1
Challakere Rural,Rural,2021,2,Winter,84224,216,5.6,24.6,0.8,22.8,84.4,50.6,86.6,25.66,174.73,304.7,2.07,High,1
Challakere Rural,Rural,2021,3,Summer,86673,211,5.6,34.5,28.1,15.8,92.1,50.8,88.2,16.62,265.09,191.8,3.06,Critical,1
Challakere Rural,Rural,2021,4,Summer,83947,216,5.1,32.4,24.6,14.5,88.2,50.7,87.7,17.17,245.48,204.5,2.92,Critical,1
Challakere Rural,Rural,2021,5,Summer,87494,213,5.2,38.1,35.0,10.5,87.0,51.1,86.3,13.68,270.51,156.4,3.09,Critical,1
Challakere Rural,Rural,2021,6,Monsoon,83923,213,5.3,25.6,13.6,16.6,88.7,47.8,88.1,20.31,159.65,242.0,1.9,Critical,1
Challakere Rural,Rural,2021,7,Monsoon,86913,212,4.9,25.9,380.0,9.6,89.6,51.4,86.8,9.93,159.01,114.3,1.83,Low,0
Challakere Rural,Rural,2021,8,Monsoon,85935,211,5.6,26.3,48.7,16.3,82.9,48.8,86.7,10.33,160.45,120.2,1.87,Moderate,0
Challakere Rural,Rural,2021,9,Monsoon,86595,214,5.5,22.6,189.4,18.8,88.6,48.4,85.4,9.21,136.96,106.4,1.58,Low,0
Challakere Rural,Rural,2021,10,Winter,86207,216,5.0,22.4,9.0,14.1,86.5,52.0,85.8,20.27,173.68,235.1,2.01,Critical,1
Challakere Rural,Rural,2021,11,Winter,87817,213,5.5,23.9,7.9,13.4,89.6,50.6,85.9,23.51,193.48,267.7,2.2,Critical,1
Challakere Rural,Rural,2021,12,Winter,88875,210,4.9,21.1,30.1,8.5,85.9,49.8,87.1,10.43,170.43,117.4,1.92,Critical,1
Challakere Rural,Rural,2022,1,Winter,88595,213,5.4,23.5,0.9,12.4,83.3,50.9,86.2,25.45,192.53,287.3,2.17,Critical,1
Challakere Rural,Rural,2022,2,Winter,86957,214,5.7,21.4,5.0,13.4,85.7,51.7,86.8,21.87,175.26,251.5,2.02,High,1
Challakere Rural,Rural,2022,3,Summer,85256,217,4.5,34.9,2.9,14.5,80.8,48.2,87.1,32.07,257.81,376.2,3.02,Critical,1
Challakere Rural,Rural,2022,4,Summer,87912,214,5.4,37.0,11.9,13.1,85.4,49.6,88.3,29.58,265.67,336.5,3.02,Critical,1
Challakere Rural,Rural,2022,5,Summer,84858,214,5.4,36.9,17.2,19.0,91.0,48.3,88.6,25.57,266.2,301.3,3.14,Critical,1
Challakere Rural,Rural,2022,6,Monsoon,83880,216,5.4,26.4,210.8,15.7,87.0,50.6,89.0,9.95,158.43,118.6,1.89,Low,0
Challakere Rural,Rural,2022,7,Monsoon,90173,211,5.6,26.6,85.8,18.6,91.1,50.5,88.1,10.99,175.47,121.9,1.95,Moderate,0
Challakere Rural,Rural,2022,8,Monsoon,86597,214,5.7,29.1,19.6,21.2,89.3,48.5,87.4,19.41,163.96,224.1,1.89,Critical,1
Challakere Rural,Rural,2022,9,Monsoon,88246,215,5.6,28.5,213.9,15.9,88.9,49.5,85.7,10.68,179.04,121.0,2.03,Low,0
Challakere Rural,Rural,2022,10,Winter,87552,217,5.6,21.3,1.0,15.8,91.6,48.1,88.0,24.92,175.43,284.6,2.0,High,1
Challakere Rural,Rural,2022,11,Winter,86160,217,5.2,21.4,3.5,15.1,83.8,49.8,88.0,21.74,169.89,252.3,1.97,Critical,1
Challakere Rural,Rural,2022,12,Winter,87035,213,6.2,26.6,20.4,13.9,84.3,51.8,89.2,17.61,207.7,202.3,2.39,Critical,1
Challakere Rural,Rural,2023,1,Winter,85156,219,5.7,22.2,9.3,19.9,84.5,53.4,87.3,19.99,176.19,234.7,2.07,Critical,1
Challakere Rural,Rural,2023,2,Winter,86259,216,5.4,23.1,7.9,17.2,88.1,52.2,89.1,22.12,187.93,256.4,2.18,High,1
Challakere Rural,Rural,2023,3,Summer,87162,215,5.3,36.2,3.0,20.9,84.7,51.2,87.2,35.49,259.58,407.2,2.98,Critical,1
Challakere Rural,Rural,2023,4,Summer,90158,216,5.2,40.7,24.1,6.8,91.6,53.5,87.4,23.02,301.32,255.3,3.34,Critical,1
Challakere Rural,Rural,2023,5,Summer,85030,219,5.0,38.7,32.5,16.5,87.0,53.6,87.4,13.32,280.46,156.7,3.3,Critical,1
Challakere Rural,Rural,2023,6,Monsoon,89263,219,5.9,24.0,346.1,15.3,86.5,47.4,87.8,9.76,162.79,109.3,1.82,Low,0
Challakere Rural,Rural,2023,7,Monsoon,84966,214,5.4,26.3,161.3,16.8,89.2,53.4,89.1,10.14,160.51,119.3,1.89,Moderate,0
Challakere Rural,Rural,2023,8,Monsoon,86722,222,5.6,26.8,184.6,12.0,87.0,51.5,88.8,10.13,148.22,116.8,1.71,Moderate,0
Challakere Rural,Rural,2023,9,Monsoon,85030,215,5.9,28.7,189.8,18.2,91.0,48.7,87.7,10.71,163.91,126.0,1.93,Low,0
Challakere Rural,Rural,2023,10,Winter,88005,217,5.1,24.9,16.6,10.6,86.5,49.0,88.7,19.02,184.13,216.1,2.09,Critical,1
Challakere Rural,Rural,2023,11,Winter,88182,209,5.8,28.5,9.8,16.4,86.6,49.6,88.1,25.22,216.11,286.0,2.45,Critical,1
Challakere Rural,Rural,2023,12,Winter,87107,220,5.0,20.5,1.4,13.5,84.2,50.9,88.1,21.81,175.31,250.4,2.01,High,1
Challakere Rural,Rural,2024,1,Winter,89826,218,5.2,26.8,33.3,16.9,87.1,51.8,88.5,10.49,208.61,116.8,2.32,High,1
Challakere Rural,Rural,2024,2,Winter,90625,217,5.5,24.2,7.7,20.7,88.3,50.4,89.4,24.24,203.47,267.5,2.25,Critical,1
Challakere Rural,Rural,2024,3,Summer,88429,219,5.2,37.2,7.0,10.1,86.9,52.9,87.5,34.27,262.49,387.5,2.97,Critical,1
Challakere Rural,Rural,2024,4,Summer,88636,221,5.4,33.8,59.8,14.4,86.3,51.6,89.1,12.6,259.74,142.2,2.93,Critical,1
Challakere Rural,Rural,2024,5,Summer,87129,220,6.3,36.9,4.2,15.3,87.8,52.7,89.3,35.84,275.32,411.3,3.16,Critical,1
Challakere Rural,Rural,2024,6,Monsoon,88546,220,5.1,26.5,147.9,14.0,86.4,53.3,88.5,10.55,163.2,119.1,1.84,Low,0
Challakere Rural,Rural,2024,7,Monsoon,88327,225,4.9,27.2,84.8,13.8,88.6,51.1,87.9,10.45,178.22,118.3,2.02,Moderate,0
Challakere Rural,Rural,2024,8,Monsoon,88946,216,5.6,27.8,286.8,12.9,89.4,55.1,88.4,11.08,177.41,124.6,1.99,Low,0
Challakere Rural,Rural,2024,9,Monsoon,89062,219,6.0,23.2,88.0,14.5,89.3,52.0,87.9,9.4,158.89,105.5,1.78,High,1
Challakere Rural,Rural,2024,10,Winter,90987,214,5.4,24.5,7.3,13.9,96.1,51.7,89.6,26.78,212.18,294.3,2.33,Critical,1
Challakere Rural,Rural,2024,11,Winter,90110,217,5.4,17.6,10.7,20.5,89.8,51.0,88.2,18.05,164.56,200.3,1.83,Moderate,0
Challakere Rural,Rural,2024,12,Winter,86933,220,5.6,23.6,0.8,13.7,82.3,54.2,87.3,24.76,186.85,284.8,2.15,High,1
Challakere Rural,Rural,2025,1,Winter,85884,224,5.4,19.7,3.5,9.4,89.2,51.5,89.6,21.03,182.53,244.9,2.13,High,1
Challakere Rural,Rural,2025,2,Winter,89154,224,5.2,17.6,5.5,18.7,87.0,50.1,88.4,18.8,161.92,210.9,1.82,High,1
Challakere Rural,Rural,2025,3,Summer,89001,224,5.0,34.8,18.4,16.5,93.3,54.0,87.7,25.07,271.49,281.7,3.05,Critical,1
Challakere Rural,Rural,2025,4,Summer,87041,219,5.9,35.2,16.7,12.5,81.2,52.3,88.8,23.85,249.65,274.0,2.87,Critical,1
Challakere Rural,Rural,2025,5,Summer,91500,220,5.7,37.2,17.1,7.5,88.9,55.9,89.0,26.85,286.97,293.4,3.14,Critical,1
Challakere Rural,Rural,2025,6,Monsoon,92692,222,5.1,24.6,99.4,14.7,91.8,53.4,88.8,10.38,178.08,112.0,1.92,Moderate,0
Challakere Rural,Rural,2025,7,Monsoon,87722,219,5.4,28.4,113.5,14.7,89.8,54.3,87.4,11.02,172.39,125.6,1.97,Moderate,0
Challakere Rural,Rural,2025,8,Monsoon,89879,225,4.7,28.9,39.6,16.3,91.7,50.4,90.2,12.03,176.61,133.8,1.96,Critical,1
Challakere Rural,Rural,2025,9,Monsoon,86923,223,5.7,27.0,266.1,11.7,82.8,50.9,88.6,10.2,162.56,117.3,1.87,Low,0
Challakere Rural,Rural,2025,10,Winter,89473,220,5.6,21.8,14.6,21.2,85.6,56.0,89.0,17.71,194.65,197.9,2.18,Critical,1
Challakere Rural,Rural,2025,11,Winter,91889,225,5.4,24.9,1.4,14.7,86.9,51.1,89.1,28.37,196.24,308.7,2.14,Critical,1
Challakere Rural,Rural,2025,12,Winter,87903,226,5.9,23.5,14.7,16.2,92.8,51.9,88.2,19.9,198.87,226.4,2.26,Critical,1
Hiriyur Agro-Cluster,Rural,2019,1,Winter,92563,237,5.7,24.2,1.5,18.9,88.3,51.6,88.6,27.85,208.95,300.9,2.26,High,1
Hiriyur Agro-Cluster,Rural,2019,2,Winter,90266,239,5.2,25.5,2.8,20.5,91.0,49.6,89.1,28.4,208.0,314.6,2.3,Critical,1
Hiriyur Agro-Cluster,Rural,2019,3,Summer,94013,244,5.4,36.6,3.1,20.4,92.9,53.4,87.9,41.53,315.19,441.7,3.35,Critical,1
Hiriyur Agro-Cluster,Rural,2019,4,Summer,91415,242,5.4,38.3,74.0,13.5,86.1,51.1,86.4,13.66,296.78,149.4,3.25,High,1
Hiriyur Agro-Cluster,Rural,2019,5,Summer,92127,240,5.2,33.1,6.9,19.8,94.2,53.2,89.0,34.29,296.98,372.2,3.22,Critical,1
Hiriyur Agro-Cluster,Rural,2019,6,Monsoon,92003,236,5.9,27.2,140.9,15.4,96.1,53.5,87.6,11.72,188.14,127.4,2.04,High,1
Hiriyur Agro-Cluster,Rural,2019,7,Monsoon,93887,241,5.9,27.2,105.7,25.0,93.8,50.6,88.0,11.8,193.9,125.7,2.07,Moderate,0
Hiriyur Agro-Cluster,Rural,2019,8,Monsoon,93060,240,4.9,24.6,263.8,19.4,97.1,50.8,86.7,10.67,166.08,114.7,1.78,Low,0
Hiriyur Agro-Cluster,Rural,2019,9,Monsoon,92589,238,5.0,30.4,111.8,15.7,91.7,51.8,88.8,12.21,201.14,131.9,2.17,High,1
Hiriyur Agro-Cluster,Rural,2019,10,Winter,91700,240,5.1,23.5,1.8,20.2,88.6,52.1,88.2,26.94,195.92,293.8,2.14,Critical,1
Hiriyur Agro-Cluster,Rural,2019,11,Winter,92643,235,5.3,20.5,16.0,14.5,93.1,50.7,89.1,17.9,196.1,193.2,2.12,High,1
Hiriyur Agro-Cluster,Rural,2019,12,Winter,93513,241,5.1,23.8,6.6,17.0,91.7,52.2,87.2,25.96,220.2,277.6,2.35,Critical,1
Hiriyur Agro-Cluster,Rural,2020,1,Winter,95609,241,5.2,25.6,4.0,18.1,97.4,51.3,89.3,30.94,218.19,323.6,2.28,Critical,1
Hiriyur Agro-Cluster,Rural,2020,2,Winter,91928,242,5.4,23.0,8.8,20.0,93.8,52.5,88.6,23.87,192.77,259.7,2.1,Critical,1
Hiriyur Agro-Cluster,Rural,2020,3,Summer,91187,240,5.3,40.4,23.4,15.8,91.0,53.3,87.9,23.7,312.71,259.9,3.43,Critical,1
Hiriyur Agro-Cluster,Rural,2020,4,Summer,93094,239,5.7,35.4,13.1,13.4,96.7,51.9,89.6,32.06,297.78,344.4,3.2,Critical,1
Hiriyur Agro-Cluster,Rural,2020,5,Summer,93073,241,5.0,34.3,4.0,24.7,89.2,51.4,90.0,36.74,291.43,394.7,3.13,Critical,1
Hiriyur Agro-Cluster,Rural,2020,6,Monsoon,93601,242,5.8,26.8,90.6,21.8,95.2,51.2,87.8,11.78,165.85,125.9,1.77,High,1
Hiriyur Agro-Cluster,Rural,2020,7,Monsoon,91943,244,5.0,23.9,21.3,14.2,87.9,52.9,89.5,17.21,169.44,187.2,1.84,Critical,1
Hiriyur Agro-Cluster,Rural,2020,8,Monsoon,92710,244,5.2,24.3,6.6,18.4,90.6,50.8,87.6,25.44,170.42,274.4,1.84,High,1
Hiriyur Agro-Cluster,Rural,2020,9,Monsoon,95371,244,5.5,26.4,97.8,12.9,91.8,53.1,89.5,11.24,179.21,117.9,1.88,High,1
Hiriyur Agro-Cluster,Rural,2020,10,Winter,92416,240,5.7,25.8,8.1,18.2,89.7,53.3,88.3,25.79,223.37,279.1,2.42,Critical,1
Hiriyur Agro-Cluster,Rural,2020,11,Winter,93752,245,5.6,21.7,20.7,14.3,89.5,52.8,87.4,15.74,205.06,167.9,2.19,Moderate,0
Hiriyur Agro-Cluster,Rural,2020,12,Winter,90965,245,5.3,22.1,12.3,20.3,91.5,53.3,87.9,20.69,195.58,227.5,2.15,Critical,1
Hiriyur Agro-Cluster,Rural,2021,1,Winter,94588,243,5.2,25.1,2.0,25.2,89.7,53.5,88.5,29.51,218.39,312.0,2.31,Critical,1
Hiriyur Agro-Cluster,Rural,2021,2,Winter,93875,246,5.5,25.0,2.0,21.1,90.2,52.7,88.0,29.76,224.41,317.0,2.39,Critical,1
Hiriyur Agro-Cluster,Rural,2021,3,Summer,96411,246,5.5,35.7,28.3,15.7,89.3,52.5,88.7,17.91,295.47,185.8,3.06,Critical,1
Hiriyur Agro-Cluster,Rural,2021,4,Summer,95459,239,5.7,36.0,2.0,20.9,89.6,54.9,88.9,41.26,298.25,432.2,3.12,Critical,1
Hiriyur Agro-Cluster,Rural,2021,5,Summer,94802,248,5.4,33.5,20.3,15.5,98.6,53.6,90.0,25.21,301.49,265.9,3.18,Critical,1
Hiriyur Agro-Cluster,Rural,2021,6,Monsoon,92695,247,5.6,26.0,75.5,18.3,96.0,51.6,88.6,11.12,180.14,120.0,1.94,High,1
Hiriyur Agro-Cluster,Rural,2021,7,Monsoon,92830,248,5.3,28.5,61.7,18.9,90.3,55.1,89.6,11.18,182.13,120.4,1.96,High,1
Hiriyur Agro-Cluster,Rural,2021,8,Monsoon,91127,239,5.6,23.5,116.4,17.3,98.4,51.3,87.0,10.04,174.77,110.2,1.92,High,1
Hiriyur Agro-Cluster,Rural,2021,9,Monsoon,94943,247,4.9,25.9,136.4,12.1,91.6,53.0,88.5,11.32,177.18,119.2,1.87,Moderate,0
Hiriyur Agro-Cluster,Rural,2021,10,Winter,93341,245,5.7,23.3,15.7,18.2,94.7,53.7,91.1,20.27,205.1,217.2,2.2,Critical,1
Hiriyur Agro-Cluster,Rural,2021,11,Winter,96038,244,5.9,24.0,2.7,18.0,96.7,52.1,90.7,30.64,213.09,319.0,2.22,Critical,1
Hiriyur Agro-Cluster,Rural,2021,12,Winter,95312,245,5.0,21.8,9.1,15.6,90.9,54.4,89.5,23.46,201.82,246.1,2.12,Critical,1
Hiriyur Agro-Cluster,Rural,2022,1,Winter,94850,247,5.4,22.0,6.1,16.0,90.9,55.8,90.9,24.9,201.33,262.5,2.12,Critical,1
Hiriyur Agro-Cluster,Rural,2022,2,Winter,96968,245,5.4,24.2,3.5,19.5,89.6,56.7,90.9,28.5,211.12,293.9,2.18,High,1
Hiriyur Agro-Cluster,Rural,2022,3,Summer,91974,251,5.2,32.9,1.0,19.6,90.5,54.3,90.9,38.08,265.67,414.0,2.89,Critical,1
Hiriyur Agro-Cluster,Rural,2022,4,Summer,93058,240,5.3,34.5,23.6,19.0,91.2,55.9,88.4,21.02,276.06,225.9,2.97,Critical,1
Hiriyur Agro-Cluster,Rural,2022,5,Summer,96388,246,5.6,33.6,15.5,22.5,88.6,53.6,89.1,27.71,287.06,287.5,2.98,Critical,1
Hiriyur Agro-Cluster,Rural,2022,6,Monsoon,94577,246,5.3,26.2,207.4,10.9,86.5,55.3,90.5,10.79,178.54,114.1,1.89,Low,0
Hiriyur Agro-Cluster,Rural,2022,7,Monsoon,90673,244,5.5,28.5,64.6,13.7,92.4,56.5,89.3,11.24,188.01,124.0,2.07,Critical,1
Hiriyur Agro-Cluster,Rural,2022,8,Monsoon,92566,248,5.5,27.9,228.2,21.5,91.8,53.9,90.7,11.19,190.77,120.9,2.06,Low,0
Hiriyur Agro-Cluster,Rural,2022,9,Monsoon,94018,247,5.4,29.3,42.1,19.7,89.9,56.4,87.9,11.7,205.62,124.4,2.19,Critical,1
Hiriyur Agro-Cluster,Rural,2022,10,Winter,89396,245,5.5,28.6,16.3,17.8,90.9,55.6,90.6,22.44,217.59,251.0,2.43,Critical,1
Hiriyur Agro-Cluster,Rural,2022,11,Winter,92989,247,5.3,23.0,41.9,19.7,90.0,55.0,90.6,10.1,202.7,108.6,2.18,Critical,1
Hiriyur Agro-Cluster,Rural,2022,12,Winter,92708,245,5.6,24.2,3.6,14.9,92.8,50.4,87.7,28.04,210.44,302.5,2.27,Critical,1
Hiriyur Agro-Cluster,Rural,2023,1,Winter,93797,249,5.6,19.5,24.2,14.7,92.0,53.7,90.7,13.4,188.69,142.9,2.01,High,1
Hiriyur Agro-Cluster,Rural,2023,2,Winter,95150,250,5.7,23.3,28.0,22.2,91.1,57.2,89.8,13.81,208.89,145.1,2.2,Critical,1
Hiriyur Agro-Cluster,Rural,2023,3,Summer,94988,249,5.0,39.4,31.0,19.5,91.9,56.3,90.6,16.98,313.91,178.8,3.3,Critical,1
Hiriyur Agro-Cluster,Rural,2023,4,Summer,95659,247,5.7,37.2,0.9,15.0,92.8,52.5,89.7,44.94,308.51,469.8,3.23,Critical,1
Hiriyur Agro-Cluster,Rural,2023,5,Summer,95554,251,5.6,39.7,10.7,11.9,88.3,56.0,91.6,35.97,312.98,376.4,3.28,Critical,1
Hiriyur Agro-Cluster,Rural,2023,6,Monsoon,92897,251,5.4,23.8,79.8,19.3,91.8,52.6,89.2,10.49,163.1,112.9,1.76,High,1
Hiriyur Agro-Cluster,Rural,2023,7,Monsoon,97192,248,5.7,28.5,129.2,18.0,93.8,55.4,90.7,11.72,215.42,120.6,2.22,High,1
Hiriyur Agro-Cluster,Rural,2023,8,Monsoon,96053,247,5.4,23.4,69.3,11.9,93.1,57.4,89.4,10.88,161.63,113.3,1.68,High,1
Hiriyur Agro-Cluster,Rural,2023,9,Monsoon,93902,247,5.3,26.1,18.0,16.0,92.4,54.7,88.4,20.94,181.19,223.0,1.93,High,1
Hiriyur Agro-Cluster,Rural,2023,10,Winter,93491,250,5.9,21.7,2.8,15.2,95.3,55.5,90.3,26.67,196.75,285.3,2.1,Critical,1
Hiriyur Agro-Cluster,Rural,2023,11,Winter,98821,246,5.5,21.8,34.8,19.4,91.6,55.5,89.9,10.44,214.29,105.6,2.17,High,1
Hiriyur Agro-Cluster,Rural,2023,12,Winter,93983,245,5.1,19.5,8.8,17.4,93.2,56.3,90.2,21.04,193.69,223.9,2.06,Critical,1
Hiriyur Agro-Cluster,Rural,2024,1,Winter,97710,251,4.9,25.1,1.2,19.4,90.5,55.9,89.4,31.08,224.49,318.1,2.3,Critical,1
Hiriyur Agro-Cluster,Rural,2024,2,Winter,97125,250,5.2,19.1,4.4,19.4,93.6,54.4,91.5,24.12,186.93,248.3,1.92,High,1
Hiriyur Agro-Cluster,Rural,2024,3,Summer,95932,250,5.1,38.8,10.8,21.6,84.8,55.9,90.1,34.69,316.39,361.6,3.3,Critical,1
Hiriyur Agro-Cluster,Rural,2024,4,Summer,98975,246,5.5,36.7,0.3,19.4,95.1,55.9,92.2,47.67,326.82,481.6,3.3,Critical,1
Hiriyur Agro-Cluster,Rural,2024,5,Summer,91418,247,5.0,36.9,29.2,18.8,89.9,53.4,88.9,16.8,293.15,183.8,3.21,Critical,1
Hiriyur Agro-Cluster,Rural,2024,6,Monsoon,97777,258,5.5,28.1,255.4,14.9,86.9,55.4,88.9,11.5,187.77,117.6,1.92,Low,0
Hiriyur Agro-Cluster,Rural,2024,7,Monsoon,97212,250,5.4,24.9,61.2,19.2,92.9,55.7,89.0,11.6,182.1,119.3,1.87,High,1
Hiriyur Agro-Cluster,Rural,2024,8,Monsoon,97792,251,5.3,30.5,161.1,23.0,85.6,56.6,92.6,12.63,219.79,129.2,2.25,Moderate,0
Hiriyur Agro-Cluster,Rural,2024,9,Monsoon,96279,248,5.9,26.9,87.1,20.2,88.1,55.7,91.5,11.44,185.05,118.8,1.92,High,1
Hiriyur Agro-Cluster,Rural,2024,10,Winter,96326,252,5.3,20.1,22.6,16.7,94.9,54.3,89.4,15.52,199.51,161.1,2.07,High,1
Hiriyur Agro-Cluster,Rural,2024,11,Winter,95046,248,6.1,25.0,19.3,21.5,93.1,53.5,90.0,19.77,205.99,208.0,2.17,High,1
Hiriyur Agro-Cluster,Rural,2024,12,Winter,94463,250,5.6,19.1,1.1,14.1,93.3,53.8,89.7,24.12,179.5,255.3,1.9,Critical,1
Hiriyur Agro-Cluster,Rural,2025,1,Winter,94205,252,6.3,18.7,0.4,23.3,93.5,56.0,90.3,24.54,179.33,260.5,1.9,High,1
Hiriyur Agro-Cluster,Rural,2025,2,Winter,94844,254,5.4,22.1,14.9,14.5,94.8,54.1,90.4,20.52,201.66,216.4,2.13,High,1
Hiriyur Agro-Cluster,Rural,2025,3,Summer,95429,252,5.4,40.3,5.5,19.3,92.3,55.6,93.5,43.49,324.95,455.7,3.41,Critical,1
Hiriyur Agro-Cluster,Rural,2025,4,Summer,97143,253,4.9,38.3,4.9,23.1,92.5,56.4,90.4,43.0,313.78,442.6,3.23,Critical,1
Hiriyur Agro-Cluster,Rural,2025,5,Summer,97579,253,4.8,40.5,38.7,15.6,94.1,58.3,90.7,15.73,346.67,161.2,3.55,Critical,1
Hiriyur Agro-Cluster,Rural,2025,6,Monsoon,98150,252,5.2,24.4,48.5,13.1,92.6,56.7,90.3,11.18,183.16,113.9,1.87,High,1
Hiriyur Agro-Cluster,Rural,2025,7,Monsoon,100586,251,5.4,23.8,82.0,14.4,92.0,57.1,90.2,11.11,176.68,110.5,1.76,High,1
Hiriyur Agro-Cluster,Rural,2025,8,Monsoon,97000,255,5.0,28.2,57.5,18.2,93.3,56.1,90.6,12.32,189.54,127.0,1.95,High,1
Hiriyur Agro-Cluster,Rural,2025,9,Monsoon,95351,252,5.6,25.1,117.8,20.2,89.8,55.4,90.6,10.86,184.59,113.9,1.94,High,1
Hiriyur Agro-Cluster,Rural,2025,10,Winter,100480,253,5.4,27.2,7.7,16.1,93.3,55.7,89.0,30.43,243.05,302.8,2.42,Critical,1
Hiriyur Agro-Cluster,Rural,2025,11,Winter,94994,248,5.4,22.9,17.3,17.1,95.5,56.4,90.7,20.17,208.83,212.3,2.2,Critical,1
Hiriyur Agro-Cluster,Rural,2025,12,Winter,93597,248,5.7,20.2,14.8,20.7,90.9,57.9,89.7,18.73,180.0,200.1,1.92,High,1
Holalkere Rural,Rural,2019,1,Winter,65614,190,5.6,20.8,15.3,12.0,80.2,46.2,85.2,12.04,125.27,183.5,1.91,High,1
Holalkere Rural,Rural,2019,2,Winter,68265,188,5.6,24.3,25.1,11.8,81.8,46.2,83.9,10.5,157.11,153.8,2.3,Critical,1
Holalkere Rural,Rural,2019,3,Summer,68033,193,5.2,39.2,35.5,17.8,84.6,46.0,84.8,10.41,214.93,153.0,3.16,Critical,1
Holalkere Rural,Rural,2019,4,Summer,66092,189,6.0,32.9,4.3,11.8,83.8,46.4,85.9,23.99,188.5,363.0,2.85,Critical,1
Holalkere Rural,Rural,2019,5,Summer,67282,189,5.3,37.9,70.8,10.8,79.5,43.9,85.1,9.68,210.68,143.9,3.13,Critical,1
Holalkere Rural,Rural,2019,6,Monsoon,70186,192,5.8,27.2,204.2,16.3,82.9,45.0,85.9,8.4,133.76,119.7,1.91,Low,0
Holalkere Rural,Rural,2019,7,Monsoon,66838,192,5.3,26.9,104.6,14.9,89.7,45.2,84.6,7.98,132.79,119.4,1.99,Critical,1
Holalkere Rural,Rural,2019,8,Monsoon,66144,190,5.2,30.6,26.0,9.1,86.8,46.8,83.4,11.88,128.57,179.6,1.94,Critical,1
Holalkere Rural,Rural,2019,9,Monsoon,67437,191,4.9,28.7,220.6,6.3,84.3,46.7,83.6,8.32,141.62,123.4,2.1,Low,0
Holalkere Rural,Rural,2019,10,Winter,67632,193,5.4,24.5,8.8,14.1,86.6,45.9,84.3,17.5,150.71,258.8,2.23,High,1
Holalkere Rural,Rural,2019,11,Winter,67720,191,4.8,22.2,6.7,14.6,86.0,46.8,84.2,17.06,148.88,251.9,2.2,Critical,1
Holalkere Rural,Rural,2019,12,Winter,68759,190,5.4,23.1,14.3,15.7,79.7,44.0,84.7,13.51,142.64,196.5,2.07,High,1
Holalkere Rural,Rural,2020,1,Winter,69799,189,6.0,23.1,15.5,8.2,78.9,45.7,88.2,13.31,147.12,190.7,2.11,High,1
Holalkere Rural,Rural,2020,2,Winter,68310,191,5.4,22.5,0.6,11.1,83.9,45.2,83.6,19.07,129.25,279.2,1.89,Critical,1
Holalkere Rural,Rural,2020,3,Summer,68836,189,4.8,34.0,104.5,9.3,86.2,45.5,86.7,9.43,207.8,137.0,3.02,High,1
Holalkere Rural,Rural,2020,4,Summer,68013,190,5.1,37.7,4.3,11.9,86.0,42.9,85.5,28.37,217.02,417.1,3.19,Critical,1
Holalkere Rural,Rural,2020,5,Summer,68358,190,5.2,36.0,15.4,13.2,83.6,46.0,83.0,19.73,207.55,288.6,3.04,Critical,1
Holalkere Rural,Rural,2020,6,Monsoon,69037,192,5.5,27.0,20.5,4.0,86.1,44.7,86.2,14.09,129.3,204.1,1.87,Critical,1
Holalkere Rural,Rural,2020,7,Monsoon,65769,193,5.2,26.2,58.2,11.1,78.9,44.0,87.5,7.4,117.87,112.5,1.79,High,1
Holalkere Rural,Rural,2020,8,Monsoon,67948,191,5.3,31.2,298.2,13.8,86.1,46.3,86.7,8.67,143.92,127.6,2.12,Low,0
Holalkere Rural,Rural,2020,9,Monsoon,68119,191,5.5,27.7,36.5,19.5,87.2,42.8,85.1,8.76,132.02,128.6,1.94,Critical,1
Holalkere Rural,Rural,2020,10,Winter,69229,195,5.4,22.1,27.1,7.6,82.4,45.9,86.3,9.1,131.79,131.4,1.9,High,1
Holalkere Rural,Rural,2020,11,Winter,70656,187,5.3,23.6,13.0,7.9,87.1,48.4,85.6,15.68,147.29,221.9,2.08,High,1
Holalkere Rural,Rural,2020,12,Winter,68331,191,6.3,19.3,9.4,8.6,81.8,45.7,85.7,13.94,124.23,204.0,1.82,Critical,1
Holalkere Rural,Rural,2021,1,Winter,70235,193,5.5,23.5,17.6,13.0,82.9,45.8,85.2,13.36,143.79,190.2,2.05,Critical,1
Holalkere Rural,Rural,2021,2,Winter,70197,193,5.2,22.2,2.7,12.0,76.2,44.4,86.3,17.23,145.25,245.5,2.07,Critical,1
Holalkere Rural,Rural,2021,3,Summer,71749,191,6.0,37.8,52.4,14.3,81.9,46.6,85.2,10.69,227.47,149.0,3.17,Critical,1
Holalkere Rural,Rural,2021,4,Summer,69025,195,5.2,36.6,51.2,12.2,82.5,45.3,84.3,9.93,216.72,143.9,3.14,Critical,1
Holalkere Rural,Rural,2021,5,Summer,68254,192,5.9,39.4,11.6,11.8,81.9,46.6,85.1,23.47,225.09,343.9,3.3,Critical,1
Holalkere Rural,Rural,2021,6,Monsoon,70425,187,5.4,29.4,176.5,10.1,80.1,45.1,86.1,8.49,137.81,120.6,1.96,Low,0
Holalkere Rural,Rural,2021,7,Monsoon,70782,192,5.5,25.4,40.2,11.6,78.8,49.6,86.1,8.07,131.45,114.0,1.86,High,1
Holalkere Rural,Rural,2021,8,Monsoon,68606,193,5.2,26.8,47.7,6.2,78.6,48.9,85.1,8.09,131.28,117.9,1.91,Moderate,0
Holalkere Rural,Rural,2021,9,Monsoon,69066,196,5.6,28.4,185.4,10.9,85.6,46.7,84.5,8.82,151.34,127.7,2.19,Moderate,0
Holalkere Rural,Rural,2021,10,Winter,69564,193,5.5,23.2,27.9,6.8,82.1,48.4,85.4,9.39,150.55,135.0,2.16,High,1
Holalkere Rural,Rural,2021,11,Winter,67820,191,5.8,22.0,3.7,14.6,75.8,48.8,84.7,16.08,137.24,237.1,2.02,Critical,1
Holalkere Rural,Rural,2021,12,Winter,68177,195,5.6,25.0,6.7,10.3,85.1,47.7,87.7,18.45,144.18,270.6,2.11,Critical,1
Holalkere Rural,Rural,2022,1,Winter,69933,194,6.0,23.5,4.5,15.6,82.4,48.0,87.4,18.69,145.87,267.3,2.09,Critical,1
Holalkere Rural,Rural,2022,2,Winter,70466,197,5.6,24.0,2.1,12.2,78.1,46.9,86.5,18.76,155.35,266.2,2.2,Critical,1
Holalkere Rural,Rural,2022,3,Summer,71760,193,5.6,37.0,27.3,15.0,81.3,48.4,84.8,13.94,207.61,194.3,2.89,Critical,1
Holalkere Rural,Rural,2022,4,Summer,70945,195,5.1,32.4,14.3,11.3,80.7,47.4,85.4,19.39,190.92,273.3,2.69,Critical,1
Holalkere Rural,Rural,2022,5,Summer,68216,195,5.0,35.5,4.8,8.3,82.1,49.1,87.3,25.55,199.67,374.5,2.93,Critical,1
Holalkere Rural,Rural,2022,6,Monsoon,72318,195,6.2,25.5,44.5,14.4,76.7,49.7,87.3,7.82,137.79,108.1,1.91,High,1
Holalkere Rural,Rural,2022,7,Monsoon,70516,193,5.1,26.0,175.1,15.1,79.2,46.2,87.0,7.86,128.2,111.5,1.82,Low,0
Holalkere Rural,Rural,2022,8,Monsoon,68202,199,5.1,21.9,6.6,9.4,81.0,46.8,86.1,16.2,118.03,237.5,1.73,High,1
Holalkere Rural,Rural,2022,9,Monsoon,71633,195,5.8,24.3,166.9,12.1,84.7,46.6,84.3,8.05,130.76,112.4,1.83,Low,0
Holalkere Rural,Rural,2022,10,Winter,69380,197,5.2,24.4,1.3,13.4,82.8,48.6,86.2,20.1,146.67,289.7,2.11,Critical,1
Holalkere Rural,Rural,2022,11,Winter,69153,188,5.3,20.7,12.5,13.7,81.7,47.5,85.0,13.77,145.11,199.1,2.1,High,1
Holalkere Rural,Rural,2022,12,Winter,70139,193,5.2,24.4,7.5,10.5,87.2,51.0,86.7,18.66,148.66,266.0,2.12,Critical,1
Holalkere Rural,Rural,2023,1,Winter,70132,195,4.9,26.9,9.0,13.8,82.5,47.4,87.2,19.03,159.82,271.3,2.28,Critical,1
Holalkere Rural,Rural,2023,2,Winter,68387,199,4.8,24.3,22.3,13.8,82.3,47.5,86.5,11.41,144.89,166.8,2.12,Moderate,0
Holalkere Rural,Rural,2023,3,Summer,70042,195,5.4,34.6,2.8,16.2,85.9,51.1,87.0,28.0,213.02,399.8,3.04,Critical,1
Holalkere Rural,Rural,2023,4,Summer,68330,198,5.1,35.2,13.7,12.8,85.9,48.2,86.1,21.0,199.76,307.3,2.92,Critical,1
Holalkere Rural,Rural,2023,5,Summer,71711,195,5.2,38.3,0.9,8.6,82.5,47.4,87.5,31.0,219.76,432.3,3.06,Critical,1
Holalkere Rural,Rural,2023,6,Monsoon,69578,195,5.8,30.2,19.8,7.8,75.5,48.2,86.4,14.13,148.39,203.1,2.13,Critical,1
Holalkere Rural,Rural,2023,7,Monsoon,72404,199,5.7,26.9,33.3,13.1,81.3,48.8,87.8,8.42,139.55,116.3,1.93,High,1
Holalkere Rural,Rural,2023,8,Monsoon,72520,193,5.2,24.1,10.8,8.8,85.0,48.6,86.9,17.28,132.51,238.3,1.83,High,1
Holalkere Rural,Rural,2023,9,Monsoon,69450,196,5.4,27.7,48.9,12.0,80.7,45.2,87.0,8.1,129.59,116.6,1.87,Critical,1
Holalkere Rural,Rural,2023,10,Winter,68630,195,5.5,24.5,9.1,10.5,79.6,47.1,89.7,16.75,152.45,244.1,2.22,Critical,1
Holalkere Rural,Rural,2023,11,Winter,71037,195,5.6,19.5,3.7,11.3,86.4,46.9,88.5,16.88,132.63,237.6,1.87,Critical,1
Holalkere Rural,Rural,2023,12,Winter,67565,196,5.4,23.2,0.9,12.0,84.8,47.4,85.1,19.91,138.39,294.7,2.05,High,1
Holalkere Rural,Rural,2024,1,Winter,70568,196,4.8,25.4,41.0,11.3,85.4,46.7,87.8,8.09,167.81,114.6,2.38,Critical,1
Holalkere Rural,Rural,2024,2,Winter,72385,196,5.6,24.4,2.9,10.5,82.0,48.9,88.2,19.92,157.9,275.2,2.18,Critical,1
Holalkere Rural,Rural,2024,3,Summer,70059,198,5.0,34.4,11.8,9.7,80.4,50.4,88.3,21.6,203.19,308.3,2.9,Critical,1
Holalkere Rural,Rural,2024,4,Summer,70404,198,5.6,37.1,61.0,11.4,83.2,48.1,89.0,10.18,222.05,144.6,3.15,Critical,1
Holalkere Rural,Rural,2024,5,Summer,69111,200,5.1,38.5,0.2,15.0,84.0,48.7,88.0,31.26,214.53,452.3,3.1,Critical,1
Holalkere Rural,Rural,2024,6,Monsoon,71588,198,5.0,28.5,45.5,13.0,85.9,50.0,86.8,9.05,142.79,126.4,1.99,High,1
Holalkere Rural,Rural,2024,7,Monsoon,73161,201,4.9,26.6,111.8,16.7,79.4,49.1,88.2,8.29,138.52,113.3,1.89,Moderate,0
Holalkere Rural,Rural,2024,8,Monsoon,71282,204,4.9,23.7,2.9,13.6,82.6,49.9,88.2,19.67,121.69,275.9,1.71,Critical,1
Holalkere Rural,Rural,2024,9,Monsoon,69963,200,5.6,27.8,119.0,9.0,82.3,48.2,88.2,8.49,146.32,121.3,2.09,Low,0
Holalkere Rural,Rural,2024,10,Winter,72984,196,5.6,21.6,5.2,13.8,86.4,49.0,90.1,18.0,154.68,246.6,2.12,Critical,1
Holalkere Rural,Rural,2024,11,Winter,70824,196,5.6,25.0,2.1,13.0,82.9,48.0,87.8,21.05,153.66,297.2,2.17,Critical,1
Holalkere Rural,Rural,2024,12,Winter,71390,198,5.4,19.1,8.4,10.1,81.8,50.7,87.6,14.46,129.69,202.5,1.82,High,1
Holalkere Rural,Rural,2025,1,Winter,73468,202,5.6,23.2,32.5,10.4,79.5,47.2,88.1,8.0,144.05,108.9,1.96,Critical,1
Holalkere Rural,Rural,2025,2,Winter,74108,201,4.8,21.2,9.7,11.5,82.5,49.2,88.1,16.12,144.8,217.5,1.95,High,1
Holalkere Rural,Rural,2025,3,Summer,72091,202,5.7,35.2,30.1,12.9,80.4,51.2,88.5,11.43,211.86,158.5,2.94,Critical,1
Holalkere Rural,Rural,2025,4,Summer,72676,200,5.3,36.5,8.9,9.5,84.1,49.7,87.7,25.7,223.75,353.6,3.08,Critical,1
Holalkere Rural,Rural,2025,5,Summer,71188,205,5.6,37.6,16.7,11.6,79.4,49.5,87.7,20.11,213.34,282.5,3.0,Critical,1
Holalkere Rural,Rural,2025,6,Monsoon,70319,198,5.1,27.8,200.6,9.3,73.4,50.6,90.1,8.04,125.89,114.3,1.79,Low,0
Holalkere Rural,Rural,2025,7,Monsoon,70295,202,5.6,26.0,196.3,13.4,77.7,48.9,90.7,7.73,146.05,110.0,2.08,Moderate,0
Holalkere Rural,Rural,2025,8,Monsoon,70920,197,5.5,28.1,16.8,11.3,85.9,49.7,88.1,16.65,148.34,234.8,2.09,High,1
Holalkere Rural,Rural,2025,9,Monsoon,71370,201,4.8,28.3,296.3,11.4,86.0,49.3,86.0,8.68,144.07,121.6,2.02,Low,0
Holalkere Rural,Rural,2025,10,Winter,69620,201,5.1,24.3,2.9,8.5,85.3,49.7,88.1,20.03,156.42,287.7,2.25,Critical,1
Holalkere Rural,Rural,2025,11,Winter,72566,196,5.4,23.7,31.5,10.9,81.3,48.7,87.4,8.43,157.91,116.2,2.18,Critical,1
Holalkere Rural,Rural,2025,12,Winter,71299,198,5.6,24.6,5.1,12.4,82.9,47.6,88.6,19.79,154.25,277.6,2.16,Critical,1
Hosadurga Rural,Rural,2019,1,Winter,77291,202,4.6,22.6,8.9,14.4,89.6,47.3,86.1,19.11,162.88,247.2,2.11,Critical,1
Hosadurga Rural,Rural,2019,2,Winter,77703,207,5.6,22.1,12.7,14.0,80.8,50.5,86.7,15.66,165.81,201.5,2.13,Critical,1
Hosadurga Rural,Rural,2019,3,Summer,79281,206,5.9,36.1,0.6,18.5,83.6,47.9,86.3,33.36,235.75,420.8,2.97,Critical,1
Hosadurga Rural,Rural,2019,4,Summer,78428,203,5.6,36.9,8.7,12.5,85.2,49.5,86.0,28.75,245.37,366.6,3.13,Critical,1
Hosadurga Rural,Rural,2019,5,Summer,75233,204,5.1,34.2,5.5,11.6,85.7,49.7,86.7,27.65,226.17,367.5,3.01,Critical,1
Hosadurga Rural,Rural,2019,6,Monsoon,78491,203,5.7,29.9,272.0,20.6,86.0,47.7,88.7,10.45,163.68,133.1,2.09,Low,0
Hosadurga Rural,Rural,2019,7,Monsoon,77086,206,5.6,26.6,142.2,17.5,85.2,50.3,86.8,8.84,141.99,114.7,1.84,Low,0
Hosadurga Rural,Rural,2019,8,Monsoon,79223,200,5.7,26.0,38.2,12.3,79.6,47.6,83.9,8.88,139.54,112.1,1.76,High,1
Hosadurga Rural,Rural,2019,9,Monsoon,76126,202,6.0,23.4,29.5,16.7,88.5,45.5,86.4,10.25,127.4,134.6,1.67,Critical,1
Hosadurga Rural,Rural,2019,10,Winter,75692,202,5.3,23.0,24.9,16.8,87.9,50.2,86.4,11.55,154.67,152.6,2.04,Critical,1
Hosadurga Rural,Rural,2019,11,Winter,74210,203,5.6,20.6,2.1,14.7,85.2,47.8,86.7,19.15,149.39,258.1,2.01,Critical,1
Hosadurga Rural,Rural,2019,12,Winter,74660,207,5.4,25.8,4.5,16.8,85.1,48.5,87.9,22.05,164.97,295.3,2.21,Critical,1
Hosadurga Rural,Rural,2020,1,Winter,76920,206,5.8,18.4,23.6,18.3,86.3,51.3,87.0,10.63,135.82,138.2,1.77,High,1
Hosadurga Rural,Rural,2020,2,Winter,77359,204,5.2,19.7,4.6,16.5,84.7,49.1,87.5,18.66,158.09,241.2,2.04,Critical,1
Hosadurga Rural,Rural,2020,3,Summer,76939,205,5.4,37.2,31.2,9.2,82.4,46.5,86.6,12.43,237.77,161.6,3.09,Critical,1
Hosadurga Rural,Rural,2020,4,Summer,75206,203,4.8,35.4,31.9,10.2,82.3,49.6,86.5,11.26,224.58,149.7,2.99,Critical,1
Hosadurga Rural,Rural,2020,5,Summer,74873,206,5.3,38.7,11.9,13.4,85.5,50.5,87.8,26.33,239.78,351.7,3.2,Critical,1
Hosadurga Rural,Rural,2020,6,Monsoon,74337,204,5.4,26.5,110.1,15.8,80.1,50.3,86.9,8.33,131.26,112.1,1.77,Moderate,0
Hosadurga Rural,Rural,2020,7,Monsoon,76645,207,5.2,29.4,180.5,11.4,86.5,48.8,88.3,9.22,152.07,120.3,1.98,Low,0
Hosadurga Rural,Rural,2020,8,Monsoon,76466,208,5.7,27.4,176.9,13.9,79.7,54.3,89.2,9.07,142.55,118.6,1.86,Low,0
Hosadurga Rural,Rural,2020,9,Monsoon,78622,207,5.7,25.8,15.3,17.5,83.7,51.7,85.8,17.15,154.87,218.1,1.97,Critical,1
Hosadurga Rural,Rural,2020,10,Winter,76681,206,5.4,25.0,7.5,10.0,86.7,50.7,88.2,21.03,175.27,274.3,2.29,Critical,1
Hosadurga Rural,Rural,2020,11,Winter,76823,208,6.0,22.8,1.7,12.1,85.2,49.9,89.2,21.57,175.84,280.8,2.29,High,1
Hosadurga Rural,Rural,2020,12,Winter,76072,208,5.3,22.9,3.9,9.3,81.8,50.3,88.1,20.0,153.4,262.9,2.02,High,1
Hosadurga Rural,Rural,2021,1,Winter,77745,209,5.0,21.9,6.5,20.5,81.7,52.2,87.3,18.37,163.22,236.3,2.1,High,1
Hosadurga Rural,Rural,2021,2,Winter,76704,208,6.1,23.5,1.0,16.2,85.0,47.8,86.0,22.21,171.05,289.6,2.23,Critical,1
Hosadurga Rural,Rural,2021,3,Summer,75846,212,5.3,38.2,9.0,9.1,84.2,50.4,88.0,28.17,261.27,371.4,3.44,Critical,1
Hosadurga Rural,Rural,2021,4,Summer,76740,204,5.1,36.3,43.6,10.9,85.3,52.7,89.1,11.12,235.27,144.9,3.07,Critical,1
Hosadurga Rural,Rural,2021,5,Summer,80033,207,5.4,35.1,6.3,10.1,82.8,52.2,88.7,28.9,243.43,361.1,3.04,Critical,1
Hosadurga Rural,Rural,2021,6,Monsoon,76550,206,5.3,25.3,1.3,15.1,92.4,51.8,87.1,25.38,143.08,331.5,1.87,Critical,1
Hosadurga Rural,Rural,2021,7,Monsoon,72819,207,5.2,28.8,181.0,8.3,86.9,53.6,87.2,9.56,147.58,131.3,2.03,Moderate,0
Hosadurga Rural,Rural,2021,8,Monsoon,80429,208,5.5,27.7,177.5,17.1,89.4,49.9,87.3,9.88,165.95,122.8,2.06,Moderate,0
Hosadurga Rural,Rural,2021,9,Monsoon,80332,206,5.4,23.9,58.2,11.1,84.8,52.8,88.7,8.85,144.03,110.2,1.79,High,1
Hosadurga Rural,Rural,2021,10,Winter,76097,204,5.3,22.8,24.1,10.0,90.4,53.1,88.1,12.65,163.73,166.2,2.15,High,1
Hosadurga Rural,Rural,2021,11,Winter,77180,208,5.6,23.1,22.8,19.3,88.7,49.9,88.8,13.19,165.4,170.9,2.14,High,1
Hosadurga Rural,Rural,2021,12,Winter,81372,204,5.0,25.7,56.3,15.0,83.9,51.1,88.6,9.57,172.41,117.6,2.12,High,1
Hosadurga Rural,Rural,2022,1,Winter,79273,211,5.2,23.9,9.5,9.8,84.6,52.3,87.4,19.4,176.41,244.7,2.23,Critical,1
Hosadurga Rural,Rural,2022,2,Winter,78958,214,5.5,20.5,24.6,14.7,83.8,50.0,88.7,10.51,155.03,133.1,1.96,High,1
Hosadurga Rural,Rural,2022,3,Summer,76621,211,5.7,33.2,17.2,9.6,85.4,55.4,89.7,20.03,229.61,261.4,3.0,Critical,1
Hosadurga Rural,Rural,2022,4,Summer,80528,208,5.3,33.2,57.7,16.7,87.8,51.7,89.2,11.04,240.93,137.1,2.99,Critical,1
Hosadurga Rural,Rural,2022,5,Summer,77806,214,4.7,37.6,10.2,10.5,92.6,54.6,87.2,29.78,247.52,382.7,3.18,Critical,1
Hosadurga Rural,Rural,2022,6,Monsoon,78519,209,5.7,25.6,29.0,11.4,86.8,51.4,89.3,10.81,136.38,137.7,1.74,High,1
Hosadurga Rural,Rural,2022,7,Monsoon,77947,208,5.6,25.3,232.4,14.6,84.5,54.0,88.3,8.55,141.12,109.7,1.81,Low,0
Hosadurga Rural,Rural,2022,8,Monsoon,78364,211,5.1,26.5,380.0,20.6,82.6,51.9,86.7,9.16,143.15,116.9,1.83,Low,0
Hosadurga Rural,Rural,2022,9,Monsoon,79213,212,5.5,24.6,103.1,9.1,81.0,49.5,88.3,8.33,150.45,105.2,1.9,High,1
Hosadurga Rural,Rural,2022,10,Winter,76182,210,5.2,24.3,11.3,18.6,83.0,50.5,89.0,17.75,165.68,233.0,2.17,High,1
Hosadurga Rural,Rural,2022,11,Winter,75966,212,5.4,27.9,25.2,13.9,84.2,53.1,90.6,12.89,181.3,169.7,2.39,High,1
Hosadurga Rural,Rural,2022,12,Winter,80048,210,5.1,24.1,16.7,12.3,82.0,52.5,89.0,16.37,160.0,204.5,2.0,Critical,1
Hosadurga Rural,Rural,2023,1,Winter,78061,216,5.2,28.5,7.7,12.2,83.1,53.4,89.7,23.05,185.28,295.3,2.37,Critical,1
Hosadurga Rural,Rural,2023,2,Winter,77312,211,5.8,25.1,1.1,17.4,84.3,52.5,88.5,23.39,160.55,302.5,2.08,High,1
Hosadurga Rural,Rural,2023,3,Summer,79106,211,5.3,35.5,7.8,17.8,83.2,54.8,90.1,27.84,241.15,351.9,3.05,Critical,1
Hosadurga Rural,Rural,2023,4,Summer,79296,211,5.6,38.1,15.5,9.9,82.9,52.2,89.1,24.67,250.06,311.1,3.15,Critical,1
Hosadurga Rural,Rural,2023,5,Summer,78282,208,5.4,35.2,8.1,14.2,86.4,52.7,89.8,28.34,238.76,362.0,3.05,Critical,1
Hosadurga Rural,Rural,2023,6,Monsoon,80235,207,5.5,26.8,50.0,14.1,88.7,53.0,89.4,9.18,151.79,114.4,1.89,Critical,1
Hosadurga Rural,Rural,2023,7,Monsoon,80686,211,5.2,27.9,380.0,11.4,85.0,52.4,90.6,9.59,158.66,118.9,1.97,Low,0
Hosadurga Rural,Rural,2023,8,Monsoon,78354,216,5.6,31.0,47.8,7.6,82.9,51.9,90.5,9.64,178.31,123.0,2.28,Critical,1
Hosadurga Rural,Rural,2023,9,Monsoon,78461,209,5.8,26.8,248.0,12.8,84.1,52.4,87.0,9.5,153.17,121.1,1.95,Low,0
Hosadurga Rural,Rural,2023,10,Winter,74820,211,5.2,26.5,6.4,15.7,85.7,51.9,89.0,21.49,163.31,287.2,2.18,Critical,1
Hosadurga Rural,Rural,2023,11,Winter,81269,211,5.6,24.5,4.7,19.1,79.7,50.4,88.5,21.58,183.21,265.5,2.25,Critical,1
Hosadurga Rural,Rural,2023,12,Winter,77020,215,5.0,22.6,13.0,10.6,86.5,51.3,90.6,16.61,169.81,215.7,2.2,Critical,1
Hosadurga Rural,Rural,2024,1,Winter,76350,213,5.6,23.6,8.0,13.2,84.3,55.8,90.4,18.99,155.65,248.7,2.04,Critical,1
Hosadurga Rural,Rural,2024,2,Winter,79590,219,5.4,24.8,7.1,9.8,87.4,55.5,89.2,21.99,171.71,276.3,2.16,Critical,1
Hosadurga Rural,Rural,2024,3,Summer,80751,215,5.7,37.0,19.4,17.3,84.8,53.9,89.3,21.37,257.84,264.6,3.19,Critical,1
Hosadurga Rural,Rural,2024,4,Summer,76799,216,5.6,41.6,2.7,15.0,81.6,55.1,91.5,34.66,257.16,451.3,3.35,Critical,1
Hosadurga Rural,Rural,2024,5,Summer,79292,211,4.5,37.4,21.8,10.6,85.6,54.9,89.4,20.0,254.02,252.2,3.2,Critical,1
Hosadurga Rural,Rural,2024,6,Monsoon,82254,214,5.6,28.3,42.6,15.2,89.2,51.7,89.4,10.09,158.91,122.7,1.93,Critical,1
Hosadurga Rural,Rural,2024,7,Monsoon,80382,210,5.7,29.4,380.0,16.9,87.5,53.2,87.4,9.74,168.16,121.2,2.09,Low,0
Hosadurga Rural,Rural,2024,8,Monsoon,79947,211,4.8,28.6,6.8,12.1,85.6,52.6,91.0,24.15,156.64,302.1,1.96,Critical,1
Hosadurga Rural,Rural,2024,9,Monsoon,80888,214,5.5,27.3,86.8,12.9,78.9,54.7,88.4,9.48,159.59,117.2,1.97,High,1
Hosadurga Rural,Rural,2024,10,Winter,78691,214,5.5,24.0,5.4,18.4,87.9,51.1,88.3,22.0,172.81,279.6,2.2,Critical,1
Hosadurga Rural,Rural,2024,11,Winter,79780,214,5.9,25.2,31.6,18.8,83.8,52.2,88.3,9.84,180.15,123.3,2.26,High,1
Hosadurga Rural,Rural,2024,12,Winter,78314,216,5.7,18.2,22.9,10.5,81.4,53.3,90.1,10.52,148.43,134.3,1.9,High,1
Hosadurga Rural,Rural,2025,1,Winter,79517,219,4.9,18.3,23.8,17.6,84.1,54.3,89.8,10.79,142.62,135.7,1.79,Moderate,0
Hosadurga Rural,Rural,2025,2,Winter,80994,217,5.6,24.8,4.7,8.0,82.4,53.8,90.5,22.51,177.43,277.9,2.19,Critical,1
Hosadurga Rural,Rural,2025,3,Summer,81297,216,5.4,36.4,16.5,19.3,87.6,52.0,90.9,24.41,265.03,300.3,3.26,Critical,1
Hosadurga Rural,Rural,2025,4,Summer,79583,215,5.2,35.2,17.5,16.8,87.1,53.8,89.5,21.81,252.75,274.1,3.18,Critical,1
Hosadurga Rural,Rural,2025,5,Summer,81351,215,5.1,34.6,0.5,16.9,88.8,53.2,88.4,34.65,261.07,425.9,3.21,Critical,1
Hosadurga Rural,Rural,2025,6,Monsoon,80530,212,5.4,26.8,74.4,8.6,85.9,54.0,89.6,9.1,158.49,113.0,1.97,Critical,1
Hosadurga Rural,Rural,2025,7,Monsoon,78838,218,6.3,27.6,30.0,13.7,88.2,52.4,89.2,11.22,157.12,142.3,1.99,High,1
Hosadurga Rural,Rural,2025,8,Monsoon,76738,218,5.3,26.3,215.2,12.8,90.2,54.4,90.3,9.1,148.04,118.6,1.93,Low,0
Hosadurga Rural,Rural,2025,9,Monsoon,81048,212,5.7,26.3,46.2,19.0,83.6,54.3,90.7,9.2,150.49,113.5,1.86,High,1
Hosadurga Rural,Rural,2025,10,Winter,79517,217,5.2,21.1,1.4,9.4,86.7,54.8,89.1,21.07,160.99,265.0,2.02,Critical,1
Hosadurga Rural,Rural,2025,11,Winter,80892,219,5.6,22.7,7.0,15.7,79.3,53.8,89.7,19.27,159.54,238.2,1.97,High,1
Hosadurga Rural,Rural,2025,12,Winter,78586,215,5.4,19.9,2.6,14.5,85.1,52.3,90.6,19.23,148.01,244.7,1.88,Critical,1
Molakalmuru Drylands,Rural,2019,1,Winter,53834,165,5.0,24.0,11.1,8.3,73.4,36.9,82.5,11.27,112.86,209.3,2.1,Critical,1
Molakalmuru Drylands,Rural,2019,2,Winter,52744,166,5.3,22.4,6.2,9.1,80.4,37.8,82.3,12.7,110.42,240.8,2.09,High,1
Molakalmuru Drylands,Rural,2019,3,Summer,54320,165,5.4,35.4,2.1,14.3,80.4,40.3,81.6,20.95,158.87,385.7,2.92,Critical,1
Molakalmuru Drylands,Rural,2019,4,Summer,54675,164,5.3,39.7,71.7,14.1,78.7,39.2,81.8,8.41,170.34,153.8,3.12,Critical,1
Molakalmuru Drylands,Rural,2019,5,Summer,53519,166,5.1,39.6,16.7,8.2,78.9,37.8,82.0,15.79,164.96,295.0,3.08,Critical,1
Molakalmuru Drylands,Rural,2019,6,Monsoon,54826,165,5.7,28.1,42.5,4.2,78.5,36.3,81.8,6.61,108.26,120.6,1.97,Critical,1
Molakalmuru Drylands,Rural,2019,7,Monsoon,52597,164,5.1,27.8,102.3,7.8,78.6,37.7,81.1,6.21,100.75,118.1,1.92,High,1
Molakalmuru Drylands,Rural,2019,8,Monsoon,52881,165,5.7,25.6,109.6,12.1,77.7,39.6,82.3,5.73,96.09,108.4,1.82,Moderate,0
Molakalmuru Drylands,Rural,2019,9,Monsoon,52725,164,5.8,28.1,380.0,4.3,89.6,37.0,83.0,6.28,107.46,119.1,2.04,Low,0
Molakalmuru Drylands,Rural,2019,10,Winter,53791,165,5.7,16.8,21.4,6.6,78.8,37.5,80.3,6.95,92.83,129.2,1.73,High,1
Molakalmuru Drylands,Rural,2019,11,Winter,55243,166,5.1,19.7,13.4,15.3,77.3,38.6,80.8,9.8,108.39,177.4,1.96,High,1
Molakalmuru Drylands,Rural,2019,12,Winter,56218,164,5.9,25.6,5.9,6.5,75.8,35.5,81.9,14.85,120.04,264.2,2.14,Critical,1
Molakalmuru Drylands,Rural,2020,1,Winter,54045,166,5.2,26.0,9.5,5.4,77.0,39.3,83.2,13.38,109.18,247.6,2.02,Critical,1
Molakalmuru Drylands,Rural,2020,2,Winter,54602,165,5.3,20.9,4.9,13.1,81.2,40.9,81.5,12.8,110.91,234.4,2.03,Critical,1
Molakalmuru Drylands,Rural,2020,3,Summer,54944,168,5.5,39.6,2.1,9.2,76.1,42.7,82.7,22.78,173.97,414.6,3.17,Critical,1
Molakalmuru Drylands,Rural,2020,4,Summer,52097,167,5.0,35.7,11.8,10.0,80.8,38.9,83.1,16.24,158.6,311.7,3.04,Critical,1
Molakalmuru Drylands,Rural,2020,5,Summer,56680,166,5.4,38.9,35.5,9.2,82.4,39.7,82.1,8.69,178.93,153.3,3.16,Critical,1
Molakalmuru Drylands,Rural,2020,6,Monsoon,54018,166,4.9,27.0,203.6,8.6,77.5,39.4,83.2,6.19,106.22,114.6,1.97,Low,0
Molakalmuru Drylands,Rural,2020,7,Monsoon,53981,168,5.7,26.4,326.2,7.2,84.3,38.3,84.5,6.21,105.55,115.0,1.96,Low,0
Molakalmuru Drylands,Rural,2020,8,Monsoon,53288,167,5.4,26.1,231.2,6.5,82.3,38.2,83.8,6.01,95.59,112.8,1.79,Low,0
Molakalmuru Drylands,Rural,2020,9,Monsoon,54062,165,5.2,26.8,339.1,8.0,82.2,39.0,81.4,6.23,102.55,115.2,1.9,Low,0
Molakalmuru Drylands,Rural,2020,10,Winter,55159,164,5.5,22.6,6.5,5.4,83.6,40.9,80.0,13.6,122.15,246.6,2.21,Critical,1
Molakalmuru Drylands,Rural,2020,11,Winter,54177,166,5.3,21.9,5.2,8.5,82.3,37.7,82.6,13.41,110.83,247.5,2.05,Critical,1
Molakalmuru Drylands,Rural,2020,12,Winter,55808,165,5.6,22.0,79.0,13.6,82.6,39.2,81.6,5.69,115.38,102.0,2.07,High,1
Molakalmuru Drylands,Rural,2021,1,Winter,53294,167,5.2,25.1,9.2,10.0,74.2,38.6,82.9,12.32,117.27,231.2,2.2,High,1
Molakalmuru Drylands,Rural,2021,2,Winter,54054,169,5.0,25.0,10.1,9.8,79.0,37.9,82.7,12.75,117.98,235.9,2.18,High,1
Molakalmuru Drylands,Rural,2021,3,Summer,53134,166,5.5,39.1,34.9,6.0,77.8,38.5,82.8,7.61,169.68,143.2,3.19,Critical,1
Molakalmuru Drylands,Rural,2021,4,Summer,58020,164,5.3,35.4,36.0,14.5,80.8,38.5,82.1,8.16,171.98,140.6,2.96,High,1
Molakalmuru Drylands,Rural,2021,5,Summer,54499,169,5.8,40.1,17.6,7.0,75.5,36.9,82.4,15.31,166.91,280.9,3.06,Critical,1
Molakalmuru Drylands,Rural,2021,6,Monsoon,55193,168,4.6,28.4,35.2,11.2,79.1,40.9,82.3,6.61,101.8,119.8,1.84,Critical,1
Molakalmuru Drylands,Rural,2021,7,Monsoon,53882,167,5.3,31.3,43.1,7.8,77.8,41.3,83.1,6.58,117.88,122.1,2.19,Critical,1
Molakalmuru Drylands,Rural,2021,8,Monsoon,55889,168,5.5,28.1,188.8,13.1,84.8,38.2,84.1,6.75,110.55,120.8,1.98,Low,0
Molakalmuru Drylands,Rural,2021,9,Monsoon,53879,165,5.0,26.4,28.3,11.0,77.3,38.9,82.4,7.97,102.59,147.9,1.9,Critical,1
Molakalmuru Drylands,Rural,2021,10,Winter,55224,170,5.6,21.3,4.4,9.1,77.3,40.9,83.5,12.84,113.79,232.5,2.06,High,1
Molakalmuru Drylands,Rural,2021,11,Winter,54999,166,5.5,23.1,9.1,9.4,79.4,41.0,83.2,12.52,117.62,227.6,2.14,Critical,1
Molakalmuru Drylands,Rural,2021,12,Winter,52599,169,5.5,26.4,1.5,12.2,77.8,40.1,84.4,15.86,116.14,301.5,2.21,Critical,1
Molakalmuru Drylands,Rural,2022,1,Winter,53806,167,6.0,25.4,21.0,9.9,82.5,39.6,83.0,9.89,117.16,183.8,2.18,Critical,1
Molakalmuru Drylands,Rural,2022,2,Winter,55027,169,5.4,19.1,6.1,6.8,75.2,38.9,82.8,11.21,96.46,203.7,1.75,Critical,1
Molakalmuru Drylands,Rural,2022,3,Summer,56367,168,4.6,38.5,27.3,6.1,80.3,40.9,83.9,11.07,175.5,196.4,3.11,Critical,1
Molakalmuru Drylands,Rural,2022,4,Summer,56162,167,5.9,35.3,4.9,8.7,77.8,42.4,83.5,19.89,167.44,354.2,2.98,Critical,1
Molakalmuru Drylands,Rural,2022,5,Summer,54480,170,5.7,33.5,14.3,11.4,81.7,40.4,84.1,15.18,161.76,278.6,2.97,Critical,1
Molakalmuru Drylands,Rural,2022,6,Monsoon,56428,169,5.2,24.0,87.5,8.1,83.6,38.3,83.6,6.13,103.91,108.6,1.84,High,1
Molakalmuru Drylands,Rural,2022,7,Monsoon,55192,169,5.4,23.1,22.2,9.3,76.4,38.0,84.1,8.8,90.44,159.4,1.64,Critical,1
Molakalmuru Drylands,Rural,2022,8,Monsoon,54776,170,5.5,26.6,55.3,7.8,81.3,40.5,84.5,6.27,105.43,114.5,1.92,High,1
Molakalmuru Drylands,Rural,2022,9,Monsoon,55758,170,5.3,26.8,314.8,8.0,79.6,39.9,83.9,6.36,102.33,114.1,1.84,Low,0
Molakalmuru Drylands,Rural,2022,10,Winter,54711,170,5.4,23.5,43.9,14.7,73.4,39.6,81.4,5.64,111.67,103.1,2.04,Critical,1
Molakalmuru Drylands,Rural,2022,11,Winter,56629,171,5.5,23.3,3.3,11.6,75.3,41.9,83.1,14.56,113.14,257.1,2.0,Critical,1
Molakalmuru Drylands,Rural,2022,12,Winter,54991,167,5.5,21.2,49.1,6.4,82.7,41.5,83.6,5.82,108.97,105.8,1.98,Critical,1
Molakalmuru Drylands,Rural,2023,1,Winter,54823,173,5.5,23.4,36.5,11.7,79.6,38.4,83.2,5.71,105.3,104.2,1.92,High,1
Molakalmuru Drylands,Rural,2023,2,Winter,57066,171,5.3,22.4,38.0,6.0,84.5,43.0,83.8,5.93,123.6,103.9,2.17,Critical,1
Molakalmuru Drylands,Rural,2023,3,Summer,58401,170,5.2,38.3,5.7,11.1,82.2,40.5,83.5,22.99,186.51,393.7,3.19,Critical,1
Molakalmuru Drylands,Rural,2023,4,Summer,56888,169,5.3,40.0,5.5,13.1,75.1,40.7,84.3,21.69,181.71,381.3,3.19,Critical,1
Molakalmuru Drylands,Rural,2023,5,Summer,55829,173,5.2,39.3,28.0,16.7,75.7,40.9,84.3,10.86,170.1,194.5,3.05,Critical,1
Molakalmuru Drylands,Rural,2023,6,Monsoon,55615,171,5.2,24.9,17.5,14.2,80.4,41.4,83.0,11.14,109.84,200.3,1.98,Critical,1
Molakalmuru Drylands,Rural,2023,7,Monsoon,55342,170,5.1,26.2,81.4,12.8,84.0,40.9,83.3,6.32,99.86,114.2,1.8,High,1
Molakalmuru Drylands,Rural,2023,8,Monsoon,57257,171,4.9,31.7,38.1,11.7,72.8,42.4,84.9,7.02,125.63,122.6,2.19,Critical,1
Molakalmuru Drylands,Rural,2023,9,Monsoon,55465,170,5.3,27.2,96.2,10.4,81.9,40.1,83.9,6.66,111.58,120.1,2.01,High,1
Molakalmuru Drylands,Rural,2023,10,Winter,54373,171,5.5,28.3,6.8,11.9,77.5,38.4,83.5,15.38,129.64,282.9,2.38,High,1
Molakalmuru Drylands,Rural,2023,11,Winter,55245,172,4.9,25.3,1.7,11.8,75.0,41.6,84.0,15.26,104.43,276.2,1.89,High,1
Molakalmuru Drylands,Rural,2023,12,Winter,55894,170,5.0,23.7,4.8,14.5,77.2,40.8,82.3,14.17,116.7,253.5,2.09,Critical,1
Molakalmuru Drylands,Rural,2024,1,Winter,56143,173,5.3,22.5,7.7,9.5,78.3,42.0,84.6,13.04,116.68,232.3,2.08,Critical,1
Molakalmuru Drylands,Rural,2024,2,Winter,57159,174,4.8,23.4,10.9,10.4,78.8,42.4,84.2,12.7,115.61,222.2,2.02,Critical,1
Molakalmuru Drylands,Rural,2024,3,Summer,56042,174,5.1,36.0,17.0,14.4,77.0,44.5,85.5,14.76,154.78,263.4,2.76,Critical,1
Molakalmuru Drylands,Rural,2024,4,Summer,55593,169,5.7,34.8,26.1,5.4,78.9,42.4,85.0,10.51,173.83,189.1,3.13,Critical,1
Molakalmuru Drylands,Rural,2024,5,Summer,55573,174,4.9,35.7,52.0,12.2,79.7,42.1,82.7,7.83,172.33,140.9,3.1,High,1
Molakalmuru Drylands,Rural,2024,6,Monsoon,55291,170,5.6,30.0,54.6,9.0,80.4,41.9,84.8,6.66,116.21,120.5,2.1,High,1
Molakalmuru Drylands,Rural,2024,7,Monsoon,56742,170,5.5,26.3,352.5,9.6,80.1,44.2,84.5,6.51,101.8,114.7,1.79,Low,0
Molakalmuru Drylands,Rural,2024,8,Monsoon,58007,173,5.4,24.2,157.2,8.5,81.8,42.6,83.7,6.1,96.13,105.2,1.66,Moderate,0
Molakalmuru Drylands,Rural,2024,9,Monsoon,57209,172,5.9,28.3,22.8,13.5,74.7,42.2,84.0,10.2,109.25,178.3,1.91,High,1
Molakalmuru Drylands,Rural,2024,10,Winter,56331,170,5.2,21.0,22.1,7.4,79.6,42.5,84.6,8.49,114.73,150.7,2.04,High,1
Molakalmuru Drylands,Rural,2024,11,Winter,54470,171,4.5,24.5,8.3,12.0,76.7,42.8,84.4,13.21,109.79,242.5,2.02,Critical,1
Molakalmuru Drylands,Rural,2024,12,Winter,55957,170,5.7,24.0,24.6,11.0,74.4,42.3,84.7,8.54,107.95,152.6,1.93,High,1
Molakalmuru Drylands,Rural,2025,1,Winter,57364,174,5.8,24.8,2.9,10.5,78.9,41.1,84.8,16.24,121.16,283.1,2.11,Critical,1
Molakalmuru Drylands,Rural,2025,2,Winter,57919,174,5.0,25.8,10.8,12.9,72.8,42.5,84.4,13.04,124.82,225.1,2.16,Critical,1
Molakalmuru Drylands,Rural,2025,3,Summer,57216,173,5.4,35.9,2.3,12.2,77.9,41.9,85.9,21.84,167.28,381.7,2.92,High,1
Molakalmuru Drylands,Rural,2025,4,Summer,57577,172,5.2,33.9,6.1,7.6,77.6,42.3,87.2,19.44,169.6,337.6,2.95,Critical,1
Molakalmuru Drylands,Rural,2025,5,Summer,55589,173,5.1,34.0,20.6,5.8,76.7,42.2,85.5,12.49,157.99,224.7,2.84,Critical,1
Molakalmuru Drylands,Rural,2025,6,Monsoon,57765,173,5.2,24.1,9.6,11.8,76.4,42.2,85.6,13.59,103.17,235.3,1.79,Critical,1
Molakalmuru Drylands,Rural,2025,7,Monsoon,55759,175,5.3,28.2,68.3,14.4,79.2,41.0,82.5,6.58,110.27,118.0,1.98,High,1
Molakalmuru Drylands,Rural,2025,8,Monsoon,55718,174,5.9,27.3,267.7,9.3,75.4,43.5,85.5,6.15,104.68,110.4,1.88,Low,0
Molakalmuru Drylands,Rural,2025,9,Monsoon,55706,175,5.1,27.6,157.2,11.9,78.7,41.7,84.2,6.51,103.4,116.9,1.86,Moderate,0
Molakalmuru Drylands,Rural,2025,10,Winter,55709,175,5.4,26.0,23.7,6.2,80.9,46.3,86.1,9.67,124.97,173.6,2.24,Critical,1
Molakalmuru Drylands,Rural,2025,11,Winter,57889,175,5.3,21.4,13.6,12.2,81.7,43.0,84.3,11.45,116.19,197.8,2.01,Critical,1
Molakalmuru Drylands,Rural,2025,12,Winter,57035,172,5.2,20.9,5.1,9.3,81.1,43.6,84.3,13.22,115.3,231.8,2.02,High,1
Jagalur Agricultural Basin,Rural,2019,1,Winter,62153,182,5.0,23.1,25.6,8.7,83.6,44.6,81.9,8.85,133.31,142.4,2.14,Moderate,0
Jagalur Agricultural Basin,Rural,2019,2,Winter,61754,181,5.8,18.5,5.9,11.7,81.3,40.6,84.3,13.07,116.4,211.6,1.88,High,1
Jagalur Agricultural Basin,Rural,2019,3,Summer,62528,178,5.2,37.6,50.8,8.9,80.2,42.2,84.8,9.01,201.57,144.1,3.22,Critical,1
Jagalur Agricultural Basin,Rural,2019,4,Summer,63048,182,5.6,36.9,4.4,9.4,89.0,40.6,83.0,25.98,197.98,412.1,3.14,Critical,1
Jagalur Agricultural Basin,Rural,2019,5,Summer,62302,178,5.2,37.4,9.0,5.6,82.8,43.2,83.1,22.27,192.69,357.5,3.09,Critical,1
Jagalur Agricultural Basin,Rural,2019,6,Monsoon,63480,176,5.8,28.8,134.1,8.9,85.5,43.0,83.3,7.78,125.88,122.6,1.98,Moderate,0
Jagalur Agricultural Basin,Rural,2019,7,Monsoon,61043,181,5.6,29.6,50.6,13.5,81.3,41.1,85.5,7.54,117.57,123.5,1.93,Critical,1
Jagalur Agricultural Basin,Rural,2019,8,Monsoon,61113,182,5.9,28.4,27.5,12.8,88.1,42.1,84.8,10.24,125.07,167.6,2.05,Critical,1
Jagalur Agricultural Basin,Rural,2019,9,Monsoon,61896,180,5.2,23.2,203.7,10.6,84.5,41.7,85.4,6.47,105.7,104.5,1.71,Low,0
Jagalur Agricultural Basin,Rural,2019,10,Winter,62153,179,5.3,20.8,9.6,11.4,81.5,42.2,84.5,13.27,124.82,213.5,2.01,Critical,1
Jagalur Agricultural Basin,Rural,2019,11,Winter,62789,177,5.7,19.1,2.9,9.4,81.8,39.7,83.8,14.52,119.37,231.3,1.9,Critical,1
Jagalur Agricultural Basin,Rural,2019,12,Winter,60307,179,5.4,25.6,10.5,12.3,84.6,41.5,83.6,15.09,140.17,250.2,2.32,Critical,1
Jagalur Agricultural Basin,Rural,2020,1,Winter,62169,180,5.1,25.0,2.9,7.3,89.6,44.9,85.1,19.53,144.85,314.1,2.33,Critical,1
Jagalur Agricultural Basin,Rural,2020,2,Winter,63521,180,5.9,23.8,5.3,7.6,76.6,41.3,84.4,16.15,134.82,254.2,2.12,Critical,1
Jagalur Agricultural Basin,Rural,2020,3,Summer,61828,182,5.4,35.3,14.1,6.9,81.2,43.5,84.0,18.14,187.25,293.4,3.03,Critical,1
Jagalur Agricultural Basin,Rural,2020,4,Summer,61718,181,5.4,35.7,10.3,11.4,85.3,43.5,83.7,20.81,201.49,337.2,3.26,Critical,1
Jagalur Agricultural Basin,Rural,2020,5,Summer,60546,181,5.4,37.7,6.4,10.8,85.5,41.0,84.5,23.66,192.65,390.8,3.18,Critical,1
Jagalur Agricultural Basin,Rural,2020,6,Monsoon,61487,179,5.3,27.4,31.6,9.6,80.4,40.1,85.5,7.48,117.48,121.7,1.91,Critical,1
Jagalur Agricultural Basin,Rural,2020,7,Monsoon,61525,185,5.0,25.6,279.0,10.5,80.5,43.1,84.4,6.61,113.64,107.4,1.85,Low,0
Jagalur Agricultural Basin,Rural,2020,8,Monsoon,61185,182,5.2,26.5,108.7,14.6,79.5,42.5,84.8,6.94,102.62,113.4,1.68,High,1
Jagalur Agricultural Basin,Rural,2020,9,Monsoon,62703,179,5.5,30.3,60.3,14.7,86.9,42.4,85.4,8.44,127.3,134.6,2.03,Critical,1
Jagalur Agricultural Basin,Rural,2020,10,Winter,63479,180,5.6,27.4,2.8,19.7,80.2,41.2,84.7,19.83,140.76,312.4,2.22,Critical,1
Jagalur Agricultural Basin,Rural,2020,11,Winter,62535,185,5.8,25.4,26.2,12.6,85.8,43.0,85.5,9.31,140.38,148.9,2.24,High,1
Jagalur Agricultural Basin,Rural,2020,12,Winter,62168,182,5.5,23.3,8.5,10.7,78.3,41.4,85.4,13.95,134.05,224.4,2.16,Critical,1
Jagalur Agricultural Basin,Rural,2021,1,Winter,62870,180,5.8,25.9,9.2,12.4,89.2,42.1,84.0,17.1,149.57,272.0,2.38,Critical,1
Jagalur Agricultural Basin,Rural,2021,2,Winter,64587,180,5.3,18.7,2.9,13.5,89.1,42.6,84.5,15.6,134.25,241.5,2.08,High,1
Jagalur Agricultural Basin,Rural,2021,3,Summer,63918,183,5.3,33.3,12.6,8.6,85.8,42.2,85.0,19.29,191.59,301.8,3.0,Critical,1
Jagalur Agricultural Basin,Rural,2021,4,Summer,63171,184,5.7,35.8,0.4,10.5,86.3,44.2,84.6,27.18,193.88,430.3,3.07,Critical,1
Jagalur Agricultural Basin,Rural,2021,5,Summer,62628,184,5.8,35.4,15.0,14.0,85.2,40.1,86.1,18.6,192.57,297.0,3.07,Critical,1
Jagalur Agricultural Basin,Rural,2021,6,Monsoon,62380,181,5.2,31.3,0.5,6.8,81.4,43.3,85.1,22.65,120.84,363.1,1.94,Critical,1
Jagalur Agricultural Basin,Rural,2021,7,Monsoon,63683,183,5.5,29.4,80.9,10.2,87.5,42.0,85.5,8.11,132.11,127.3,2.07,Critical,1
Jagalur Agricultural Basin,Rural,2021,8,Monsoon,63246,182,5.2,27.1,75.9,13.4,82.0,45.0,86.2,7.06,127.2,111.6,2.01,Critical,1
Jagalur Agricultural Basin,Rural,2021,9,Monsoon,63877,183,5.3,27.6,75.0,12.9,84.2,45.3,85.5,7.8,127.36,122.1,1.99,High,1
Jagalur Agricultural Basin,Rural,2021,10,Winter,65513,183,5.4,23.2,2.2,10.8,81.5,46.0,84.5,17.58,134.48,268.3,2.05,High,1
Jagalur Agricultural Basin,Rural,2021,11,Winter,61898,185,5.6,21.6,2.7,7.1,88.7,42.8,84.4,16.56,129.42,267.5,2.09,Critical,1
Jagalur Agricultural Basin,Rural,2021,12,Winter,63752,182,4.8,19.6,8.9,11.4,84.3,42.5,85.2,13.22,118.9,207.4,1.87,Critical,1
Jagalur Agricultural Basin,Rural,2022,1,Winter,64374,183,5.9,20.8,11.4,8.6,79.6,44.5,85.5,13.19,129.38,204.9,2.01,High,1
Jagalur Agricultural Basin,Rural,2022,2,Winter,63470,189,5.4,24.9,0.6,13.8,81.2,44.5,85.2,18.89,131.7,297.6,2.07,Critical,1
Jagalur Agricultural Basin,Rural,2022,3,Summer,64426,182,4.8,40.2,13.7,9.7,85.6,45.7,86.3,21.93,208.63,340.4,3.24,Critical,1
Jagalur Agricultural Basin,Rural,2022,4,Summer,63608,187,5.4,36.1,0.8,11.0,82.7,46.0,85.6,26.31,199.51,413.6,3.14,Critical,1
Jagalur Agricultural Basin,Rural,2022,5,Summer,63915,185,6.3,36.2,7.6,11.1,87.9,44.7,86.2,24.05,200.88,376.3,3.14,Critical,1
Jagalur Agricultural Basin,Rural,2022,6,Monsoon,63637,186,5.2,28.9,27.1,7.2,82.7,45.9,85.8,10.35,129.6,162.6,2.04,Critical,1
Jagalur Agricultural Basin,Rural,2022,7,Monsoon,63244,185,5.2,23.7,77.0,14.7,83.2,46.0,86.4,6.6,117.48,104.4,1.86,High,1
Jagalur Agricultural Basin,Rural,2022,8,Monsoon,63141,182,5.9,24.3,95.8,8.0,81.9,43.1,85.2,6.76,108.47,107.1,1.72,High,1
Jagalur Agricultural Basin,Rural,2022,9,Monsoon,64898,185,5.3,29.7,126.2,8.1,82.5,46.8,86.2,8.14,123.25,125.4,1.9,Moderate,0
Jagalur Agricultural Basin,Rural,2022,10,Winter,61985,185,5.6,26.8,23.1,11.2,83.3,45.8,84.5,11.01,136.99,177.6,2.21,Critical,1
Jagalur Agricultural Basin,Rural,2022,11,Winter,62817,187,5.1,20.6,42.6,11.1,81.3,44.7,84.0,6.27,128.58,99.8,2.05,High,1
Jagalur Agricultural Basin,Rural,2022,12,Winter,63717,184,5.6,27.7,31.5,5.4,85.5,42.7,84.5,8.34,149.92,130.9,2.35,High,1
Jagalur Agricultural Basin,Rural,2023,1,Winter,65504,183,5.6,23.4,13.7,17.0,82.0,45.2,85.3,13.69,131.53,209.0,2.01,Critical,1
Jagalur Agricultural Basin,Rural,2023,2,Winter,66242,185,5.2,18.7,23.9,13.4,79.1,43.4,87.1,8.46,112.11,127.7,1.69,Critical,1
Jagalur Agricultural Basin,Rural,2023,3,Summer,64498,186,5.7,33.1,10.1,12.8,82.8,43.6,85.1,19.89,180.48,308.4,2.8,Critical,1
Jagalur Agricultural Basin,Rural,2023,4,Summer,64614,186,5.3,33.9,17.5,15.1,82.7,46.1,86.0,16.79,201.64,259.9,3.12,Critical,1
Jagalur Agricultural Basin,Rural,2023,5,Summer,65105,185,5.5,39.0,1.6,6.1,77.8,46.5,84.4,27.35,197.23,420.1,3.03,Critical,1
Jagalur Agricultural Basin,Rural,2023,6,Monsoon,62863,185,6.2,25.4,318.7,4.3,81.5,43.3,86.8,7.09,117.31,112.8,1.87,Low,0
Jagalur Agricultural Basin,Rural,2023,7,Monsoon,63785,186,5.2,26.4,5.5,12.7,82.6,46.3,86.4,18.16,126.28,284.7,1.98,Critical,1
Jagalur Agricultural Basin,Rural,2023,8,Monsoon,64497,187,4.8,28.9,57.8,10.7,87.4,44.2,85.8,8.26,139.02,128.1,2.16,High,1
Jagalur Agricultural Basin,Rural,2023,9,Monsoon,64640,188,5.3,27.4,37.4,14.6,84.8,46.0,85.4,7.87,127.46,121.8,1.97,Critical,1
Jagalur Agricultural Basin,Rural,2023,10,Winter,65932,188,5.2,20.3,21.5,16.4,87.6,45.4,85.7,10.19,134.33,154.6,2.04,High,1
Jagalur Agricultural Basin,Rural,2023,11,Winter,62731,189,5.2,21.3,7.6,12.2,86.3,45.4,85.8,14.77,129.51,235.4,2.06,High,1
Jagalur Agricultural Basin,Rural,2023,12,Winter,63980,185,5.5,24.7,6.9,6.0,81.4,47.4,87.4,16.45,141.87,257.1,2.22,High,1
Jagalur Agricultural Basin,Rural,2024,1,Winter,65158,193,5.4,26.1,4.9,6.2,91.3,45.8,86.7,20.1,144.32,308.5,2.21,Critical,1
Jagalur Agricultural Basin,Rural,2024,2,Winter,66270,187,5.5,22.2,23.4,13.4,81.5,46.1,86.3,10.28,126.83,155.1,1.91,High,1
Jagalur Agricultural Basin,Rural,2024,3,Summer,64504,189,5.5,32.6,8.5,10.1,78.3,45.6,86.8,20.05,190.13,310.8,2.95,Critical,1
Jagalur Agricultural Basin,Rural,2024,4,Summer,65516,187,4.8,36.6,1.9,12.8,82.7,47.9,87.1,26.84,201.27,409.7,3.07,Critical,1
Jagalur Agricultural Basin,Rural,2024,5,Summer,64121,190,4.8,35.8,16.5,6.6,82.9,46.9,86.4,17.98,194.86,280.4,3.04,Critical,1
Jagalur Agricultural Basin,Rural,2024,6,Monsoon,64590,188,4.8,30.9,220.0,11.2,85.9,44.9,86.1,8.09,126.2,125.3,1.95,Low,0
Jagalur Agricultural Basin,Rural,2024,7,Monsoon,65277,185,5.4,23.5,7.8,9.8,84.0,45.5,85.5,16.14,118.45,247.3,1.81,Critical,1
Jagalur Agricultural Basin,Rural,2024,8,Monsoon,63769,191,5.3,22.5,318.2,10.8,83.5,44.6,84.6,6.65,110.01,104.3,1.73,Low,0
Jagalur Agricultural Basin,Rural,2024,9,Monsoon,63381,190,5.8,22.1,99.7,12.4,85.9,49.2,85.5,6.66,117.34,105.1,1.85,High,1
Jagalur Agricultural Basin,Rural,2024,10,Winter,66445,189,5.9,22.2,9.8,15.0,90.0,46.3,84.9,15.84,143.7,238.4,2.16,Critical,1
Jagalur Agricultural Basin,Rural,2024,11,Winter,62725,185,5.6,20.3,2.7,10.1,89.8,45.8,87.5,16.33,125.98,260.3,2.01,Critical,1
Jagalur Agricultural Basin,Rural,2024,12,Winter,64505,188,5.3,23.4,0.3,12.3,86.6,45.6,84.6,19.1,139.12,296.1,2.16,Critical,1
Jagalur Agricultural Basin,Rural,2025,1,Winter,66094,192,5.4,21.8,10.2,12.3,80.8,45.3,86.3,14.47,137.46,218.9,2.08,Moderate,0
Jagalur Agricultural Basin,Rural,2025,2,Winter,63365,187,5.5,22.8,1.4,10.2,82.9,47.2,86.4,17.39,139.47,274.4,2.2,Critical,1
Jagalur Agricultural Basin,Rural,2025,3,Summer,65096,191,5.2,35.0,11.2,9.4,85.5,45.9,85.9,21.31,196.73,327.4,3.02,Critical,1
Jagalur Agricultural Basin,Rural,2025,4,Summer,64925,192,5.3,38.1,3.7,14.9,83.2,45.9,86.1,26.97,203.75,415.4,3.14,Critical,1
Jagalur Agricultural Basin,Rural,2025,5,Summer,64417,191,4.9,34.4,3.9,9.6,85.4,46.3,87.0,24.59,193.11,381.7,3.0,Critical,1
Jagalur Agricultural Basin,Rural,2025,6,Monsoon,64493,192,5.6,27.0,130.1,11.8,86.1,47.7,88.4,7.27,128.55,112.7,1.99,High,1
Jagalur Agricultural Basin,Rural,2025,7,Monsoon,64265,188,5.6,24.1,44.1,11.6,83.0,45.2,87.8,7.13,107.13,110.9,1.67,Critical,1
Jagalur Agricultural Basin,Rural,2025,8,Monsoon,65532,189,5.5,27.7,277.2,12.6,83.0,47.2,85.5,7.67,124.88,117.0,1.91,Low,0
Jagalur Agricultural Basin,Rural,2025,9,Monsoon,64726,188,5.1,25.0,128.9,17.5,83.5,46.7,86.9,7.53,109.72,116.3,1.7,Moderate,0
Jagalur Agricultural Basin,Rural,2025,10,Winter,65377,187,5.2,19.4,0.9,10.1,88.9,44.8,88.7,16.73,129.72,255.9,1.98,High,1
Jagalur Agricultural Basin,Rural,2025,11,Winter,64766,188,5.5,21.3,6.7,16.2,76.7,47.2,87.0,14.29,123.13,220.6,1.9,High,1
Jagalur Agricultural Basin,Rural,2025,12,Winter,63962,191,5.1,25.3,6.3,10.0,86.8,48.6,86.4,18.19,140.29,284.4,2.19,Critical,1
